"Date","Workout name","Exercise","Set","Weight","Reps","Distance","Duration","Measurement unit","Notes"
"2025-07-11 13:39:07","B","Puxada aberta frontal","1","42","10","","","kg",
"2025-07-11 13:39:07","B","Puxada aberta frontal","2","42","10","","","kg",
"2025-07-11 13:39:07","B","Puxada aberta frontal","3","42","10","","","kg",
"2025-07-11 13:39:07","B","Puxada aberta frontal","4","42","8","","","kg",
"2025-07-11 13:39:07","B","Remada na polia sentado","1","37","13","","","kg",
"2025-07-11 13:39:07","B","Remada na polia sentado","2","37","11","","","kg",
"2025-07-11 13:39:07","B","Remada na polia sentado","3","37","11","","","kg",
"2025-07-11 13:39:07","B","Remada na polia sentado","4","37","11","","","kg",
"2025-07-11 13:39:07","B","Puxada pela frente neutra","1","42","14","","","kg",
"2025-07-11 13:39:07","B","Puxada pela frente neutra","2","42","12","","","kg",
"2025-07-11 13:39:07","B","Puxada pela frente neutra","3","42","11","","","kg",
"2025-07-11 13:39:07","B","Puxada pela frente neutra","4","42","10","","","kg",
"2025-07-11 13:39:07","B","Elevação lateral com halteres","1","6","11","","","kg",
"2025-07-11 13:39:07","B","Elevação lateral com halteres","2","6","10","","","kg",
"2025-07-11 13:39:07","B","Elevação lateral com halteres","3","6","10","","","kg",
"2025-07-11 13:39:07","B","Elevação lateral com halteres","4","6","9","","","kg",
"2025-07-11 13:39:07","B","Rosca direta com barra reta","1","15","12","","","kg",
"2025-07-11 13:39:07","B","Rosca direta com barra reta","2","15","11","","","kg",
"2025-07-11 13:39:07","B","Rosca direta com barra reta","3","15","10","","","kg",
"2025-07-11 13:39:07","B","Rosca direta com barra reta","4","15","9","","","kg",
"2025-07-11 13:39:07","B","Rosca alternada com halter","1","8","8","","","kg",
"2025-07-11 13:39:07","B","Rosca alternada com halter","2","7","9","","","kg",
"2025-07-11 13:39:07","B","Rosca alternada com halter","3","7","8","","","kg",
"2025-07-11 13:39:07","B","Rosca alternada com halter","4","7","8","","","kg",
"2025-07-21 17:49:35","A","Supino reto com halteres","1","14","14","","","kg",
"2025-07-21 17:49:35","A","Supino reto com halteres","2","14","13","","","kg",
"2025-07-21 17:49:35","A","Supino reto com halteres","3","14","10","","","kg",
"2025-07-21 17:49:35","A","Supino reto com halteres","4","14","9","","","kg",
"2025-07-21 17:49:35","A","Supino inclinado com halteres","1","10","13","","","kg",
"2025-07-21 17:49:35","A","Supino inclinado com halteres","2","10","11","","","kg",
"2025-07-21 17:49:35","A","Supino inclinado com halteres","3","10","10","","","kg",
"2025-07-21 17:49:35","A","Supino inclinado com halteres","4","10","10","","","kg",
"2025-07-21 17:49:35","A","Crucifixo na máquina","1","6","12","","","kg",
"2025-07-21 17:49:35","A","Crucifixo na máquina","2","6","12","","","kg",
"2025-07-21 17:49:35","A","Crucifixo na máquina","3","6","12","","","kg",
"2025-07-21 17:49:35","A","Crucifixo na máquina","4","6","11","","","kg",
"2025-07-21 17:49:35","A","Elevação frontal com halteres","1","5","12","","","kg",
"2025-07-21 17:49:35","A","Elevação frontal com halteres","2","5","11","","","kg",
"2025-07-21 17:49:35","A","Elevação frontal com halteres","3","5","10","","","kg",
"2025-07-21 17:49:35","A","Elevação frontal com halteres","4","5","9","","","kg",
"2025-07-21 17:49:35","A","Mergulho de tríceps assistido","1","45","6","","","kg",
"2025-07-21 17:49:35","A","Mergulho de tríceps assistido","2","45","5","","","kg",
"2025-07-21 17:49:35","A","Mergulho de tríceps assistido","3","45","4","","","kg",
"2025-07-21 17:49:35","A","Mergulho de tríceps assistido","4","45","5","","","kg",
"2025-07-21 17:49:35","A","Tríceps pulley na polia alta","1","5","12","","","kg",
"2025-07-21 17:49:35","A","Tríceps pulley na polia alta","2","5","11","","","kg",
"2025-07-21 17:49:35","A","Tríceps pulley na polia alta","3","5","10","","","kg",
"2025-07-21 17:49:35","A","Tríceps pulley na polia alta","4","5","10","","","kg",
"2025-07-22 16:33:21","B","Puxada aberta frontal","1","42","14","","","kg",
"2025-07-22 16:33:21","B","Puxada aberta frontal","2","42","13","","","kg",
"2025-07-22 16:33:21","B","Puxada aberta frontal","3","42","12","","","kg",
"2025-07-22 16:33:21","B","Puxada aberta frontal","4","42","11","","","kg",
"2025-07-22 16:33:21","B","Remada na polia sentado","1","37","13","","","kg",
"2025-07-22 16:33:21","B","Remada na polia sentado","2","37","11","","","kg",
"2025-07-22 16:33:21","B","Remada na polia sentado","3","37","11","","","kg",
"2025-07-22 16:33:21","B","Remada na polia sentado","4","37","11","","","kg",
"2025-07-22 16:33:21","B","Puxada pela frente neutra","1","42","8","","","kg",
"2025-07-22 16:33:21","B","Puxada pela frente neutra","2","42","10","","","kg",
"2025-07-22 16:33:21","B","Puxada pela frente neutra","3","42","10","","","kg",
"2025-07-22 16:33:21","B","Puxada pela frente neutra","4","42","9","","","kg",
"2025-07-22 16:33:21","B","Elevação lateral com halteres","1","6","11","","","kg",
"2025-07-22 16:33:21","B","Elevação lateral com halteres","2","6","11","","","kg",
"2025-07-22 16:33:21","B","Elevação lateral com halteres","3","6","10","","","kg",
"2025-07-22 16:33:21","B","Elevação lateral com halteres","4","6","9","","","kg",
"2025-07-22 16:33:21","B","Rosca direta com barra reta","1","15","13","","","kg",
"2025-07-22 16:33:21","B","Rosca direta com barra reta","2","15","11","","","kg",
"2025-07-22 16:33:21","B","Rosca direta com barra reta","3","15","9","","","kg",
"2025-07-22 16:33:21","B","Rosca direta com barra reta","4","15","7","","","kg",
"2025-07-22 16:33:21","B","Rosca alternada com halter","1","7","8","","","kg",
"2025-07-22 16:33:21","B","Rosca alternada com halter","2","7","7","","","kg",
"2025-07-22 16:33:21","B","Rosca alternada com halter","3","7","7","","","kg",
"2025-07-22 16:33:21","B","Rosca alternada com halter","4","7","7","","","kg",
"2025-07-23 15:51:55","C","Agachamento com barra","1","50","11","","","kg",
"2025-07-23 15:51:55","C","Agachamento com barra","2","50","11","","","kg",
"2025-07-23 15:51:55","C","Leg press","1","200","14","","","kg",
"2025-07-23 15:51:55","C","Leg press","2","200","14","","","kg",
"2025-07-23 15:51:55","C","Leg press","3","200","12","","","kg",
"2025-07-23 15:51:55","C","Leg press","4","200","12","","","kg",
"2025-07-23 15:51:55","C","Extensão de pernas","1","65","10","","","kg",
"2025-07-23 15:51:55","C","Extensão de pernas","2","55","11","","","kg",
"2025-07-23 15:51:55","C","Extensão de pernas","3","55","11","","","kg",
"2025-07-23 15:51:55","C","Extensão de pernas","4","55","10","","","kg",
"2025-07-23 15:51:55","C","Flexão de pernas deitado","1","45","11","","","kg",
"2025-07-23 15:51:55","C","Flexão de pernas deitado","2","45","9","","","kg",
"2025-07-23 15:51:55","C","Flexão de pernas deitado","3","45","9","","","kg",
"2025-07-23 15:51:55","C","Flexão de pernas deitado","4","45","8","","","kg",
"2025-07-23 15:51:55","C","Panturrilha no leg press","1","6","14","","","kg",
"2025-07-23 15:51:55","C","Panturrilha no leg press","2","6","14","","","kg",
"2025-07-23 15:51:55","C","Panturrilha no leg press","3","6","12","","","kg",
"2025-07-23 15:51:55","C","Panturrilha no leg press","4","6","12","","","kg",
"2025-07-24 16:26:38","A","Supino reto com halteres","1","14","13","","","kg",
"2025-07-24 16:26:38","A","Supino reto com halteres","2","14","13","","","kg",
"2025-07-24 16:26:38","A","Supino reto com halteres","3","14","11","","","kg",
"2025-07-24 16:26:38","A","Supino reto com halteres","4","14","10","","","kg",
"2025-07-24 16:26:38","A","Supino inclinado com halteres","1","10","13","","","kg",
"2025-07-24 16:26:38","A","Supino inclinado com halteres","2","10","13","","","kg",
"2025-07-24 16:26:38","A","Supino inclinado com halteres","3","10","12","","","kg",
"2025-07-24 16:26:38","A","Supino inclinado com halteres","4","10","12","","","kg",
"2025-07-24 16:26:38","A","Crucifixo na máquina","1","6","15","","","kg",
"2025-07-24 16:26:38","A","Crucifixo na máquina","2","6","16","","","kg",
"2025-07-24 16:26:38","A","Crucifixo na máquina","3","6","15","","","kg",
"2025-07-24 16:26:38","A","Crucifixo na máquina","4","6","13","","","kg",
"2025-07-24 16:26:38","A","Elevação frontal com halteres","1","5","12","","","kg",
"2025-07-24 16:26:38","A","Elevação frontal com halteres","2","5","11","","","kg",
"2025-07-24 16:26:38","A","Elevação frontal com halteres","3","5","11","","","kg",
"2025-07-24 16:26:38","A","Elevação frontal com halteres","4","5","10","","","kg",
"2025-07-24 16:26:38","A","Mergulho de tríceps assistido","1","45","6","","","kg",
"2025-07-24 16:26:38","A","Mergulho de tríceps assistido","2","45","5","","","kg",
"2025-07-24 16:26:38","A","Mergulho de tríceps assistido","3","45","4","","","kg",
"2025-07-24 16:26:38","A","Mergulho de tríceps assistido","4","45","4","","","kg",
"2025-07-24 16:26:38","A","Tríceps pulley na polia alta","1","5","13","","","kg",
"2025-07-24 16:26:38","A","Tríceps pulley na polia alta","2","5","11","","","kg",
"2025-07-24 16:26:38","A","Tríceps pulley na polia alta","3","5","10","","","kg",
"2025-07-24 16:26:38","A","Tríceps pulley na polia alta","4","5","10","","","kg",
"2025-07-25 14:50:57","B","Puxada aberta frontal","1","42","11","","","kg",
"2025-07-25 14:50:57","B","Puxada aberta frontal","2","42","10","","","kg",
"2025-07-25 14:50:57","B","Puxada aberta frontal","3","42","11","","","kg",
"2025-07-25 14:50:57","B","Puxada aberta frontal","4","42","10","","","kg",
"2025-07-25 14:50:57","B","Remada na polia sentado","1","37","13","","","kg",
"2025-07-25 14:50:57","B","Remada na polia sentado","2","37","13","","","kg",
"2025-07-25 14:50:57","B","Remada na polia sentado","3","37","11","","","kg",
"2025-07-25 14:50:57","B","Remada na polia sentado","4","37","11","","","kg",
"2025-07-25 14:50:57","B","Puxada pela frente neutra","1","42","13","","","kg",
"2025-07-25 14:50:57","B","Puxada pela frente neutra","2","42","13","","","kg",
"2025-07-25 14:50:57","B","Puxada pela frente neutra","3","42","11","","","kg",
"2025-07-25 14:50:57","B","Puxada pela frente neutra","4","42","11","","","kg",
"2025-07-25 14:50:57","B","Elevação lateral com halteres","1","6","13","","","kg",
"2025-07-25 14:50:57","B","Elevação lateral com halteres","2","6","12","","","kg",
"2025-07-25 14:50:57","B","Elevação lateral com halteres","3","6","11","","","kg",
"2025-07-25 14:50:57","B","Elevação lateral com halteres","4","6","11","","","kg",
"2025-07-25 14:50:57","B","Rosca direta com barra reta","1","15","13","","","kg",
"2025-07-25 14:50:57","B","Rosca direta com barra reta","2","15","12","","","kg",
"2025-07-25 14:50:57","B","Rosca direta com barra reta","3","15","9","","","kg",
"2025-07-25 14:50:57","B","Rosca direta com barra reta","4","15","7","","","kg",
"2025-07-25 14:50:57","B","Rosca alternada com halter","1","7","9","","","kg",
"2025-07-25 14:50:57","B","Rosca alternada com halter","2","7","7","","","kg",
"2025-07-25 14:50:57","B","Rosca alternada com halter","3","7","7","","","kg",
"2025-07-25 14:50:57","B","Rosca alternada com halter","4","7","7","","","kg",
"2025-07-28 13:42:49","A","Supino reto com halteres","1","14","14","","","kg",
"2025-07-28 13:42:49","A","Supino reto com halteres","2","16.5","14","","","kg",
"2025-07-28 13:42:49","A","Supino reto com halteres","3","16.5","13","","","kg",
"2025-07-28 13:42:49","A","Supino reto com halteres","4","16.5","10","","","kg",
"2025-07-28 13:42:49","A","Supino inclinado com halteres","1","10","12","","","kg",
"2025-07-28 13:42:49","A","Supino inclinado com halteres","2","10","12","","","kg",
"2025-07-28 13:42:49","A","Supino inclinado com halteres","3","10","13","","","kg",
"2025-07-28 13:42:49","A","Supino inclinado com halteres","4","10","12","","","kg",
"2025-07-28 13:42:49","A","Crucifixo na máquina","1","6","15","","","kg",
"2025-07-28 13:42:49","A","Crucifixo na máquina","2","7","13","","","kg",
"2025-07-28 13:42:49","A","Crucifixo na máquina","3","7","11","","","kg",
"2025-07-28 13:42:49","A","Crucifixo na máquina","4","7","11","","","kg",
"2025-07-28 13:42:49","A","Elevação frontal com halteres","1","5","14","","","kg",
"2025-07-28 13:42:49","A","Elevação frontal com halteres","2","5","13","","","kg",
"2025-07-28 13:42:49","A","Elevação frontal com halteres","3","5","12","","","kg",
"2025-07-28 13:42:49","A","Elevação frontal com halteres","4","5","12","","","kg",
"2025-07-28 13:42:49","A","Mergulho de tríceps assistido","1","45","6","","","kg",
"2025-07-28 13:42:49","A","Mergulho de tríceps assistido","2","45","5","","","kg",
"2025-07-28 13:42:49","A","Mergulho de tríceps assistido","3","45","5","","","kg",
"2025-07-28 13:42:49","A","Mergulho de tríceps assistido","4","45","5","","","kg",
"2025-07-28 13:42:49","A","Tríceps pulley na polia alta","1","5","14","","","kg",
"2025-07-28 13:42:49","A","Tríceps pulley na polia alta","2","5","12","","","kg",
"2025-07-28 13:42:49","A","Tríceps pulley na polia alta","3","5","11","","","kg",
"2025-07-28 13:42:49","A","Tríceps pulley na polia alta","4","5","10","","","kg",
"2025-07-29 15:48:51","B","Puxada aberta frontal","1","42","14","","","kg",
"2025-07-29 15:48:51","B","Puxada aberta frontal","2","42","14","","","kg",
"2025-07-29 15:48:51","B","Puxada aberta frontal","3","42","14","","","kg",
"2025-07-29 15:48:51","B","Puxada aberta frontal","4","42","12","","","kg",
"2025-07-29 15:48:51","B","Remada na polia sentado","1","37","14","","","kg",
"2025-07-29 15:48:51","B","Remada na polia sentado","2","37","12","","","kg",
"2025-07-29 15:48:51","B","Remada na polia sentado","3","37","12","","","kg",
"2025-07-29 15:48:51","B","Remada na polia sentado","4","37","11","","","kg",
"2025-07-29 15:48:51","B","Puxada pela frente neutra","1","42","11","","","kg",
"2025-07-29 15:48:51","B","Puxada pela frente neutra","2","42","10","","","kg",
"2025-07-29 15:48:51","B","Puxada pela frente neutra","3","42","10","","","kg",
"2025-07-29 15:48:51","B","Puxada pela frente neutra","4","42","9","","","kg",
"2025-07-29 15:48:51","B","Elevação lateral com halteres","1","6","13","","","kg",
"2025-07-29 15:48:51","B","Elevação lateral com halteres","2","6","12","","","kg",
"2025-07-29 15:48:51","B","Elevação lateral com halteres","3","6","11","","","kg",
"2025-07-29 15:48:51","B","Elevação lateral com halteres","4","6","11","","","kg",
"2025-07-29 15:48:51","B","Rosca direta com barra reta","1","15","13","","","kg",
"2025-07-29 15:48:51","B","Rosca direta com barra reta","2","15","12","","","kg",
"2025-07-29 15:48:51","B","Rosca direta com barra reta","3","15","10","","","kg",
"2025-07-29 15:48:51","B","Rosca direta com barra reta","4","15","9","","","kg",
"2025-07-29 15:48:51","B","Rosca alternada com halter","1","7","8","","","kg",
"2025-07-29 15:48:51","B","Rosca alternada com halter","2","7","8","","","kg",
"2025-07-29 15:48:51","B","Rosca alternada com halter","3","7","8","","","kg",
"2025-07-29 15:48:51","B","Rosca alternada com halter","4","7","8","","","kg",
"2025-07-30 14:59:01","C","Agachamento com barra","1","50","11","","","kg",
"2025-07-30 14:59:01","C","Agachamento com barra","2","50","11","","","kg",
"2025-07-30 14:59:01","C","Agachamento com barra","3","50","9","","","kg",
"2025-07-30 14:59:01","C","Agachamento com barra","4","50","9","","","kg",
"2025-07-30 14:59:01","C","Leg press","1","200","10","","","kg",
"2025-07-30 14:59:01","C","Leg press","2","200","9","","","kg",
"2025-07-30 14:59:01","C","Leg press","3","200","9","","","kg",
"2025-07-30 14:59:01","C","Leg press","4","200","8","","","kg",
"2025-07-30 14:59:01","C","Extensão de pernas","1","55","11","","","kg",
"2025-07-30 14:59:01","C","Extensão de pernas","2","45","10","","","kg",
"2025-07-30 14:59:01","C","Extensão de pernas","3","45","9","","","kg",
"2025-07-30 14:59:01","C","Extensão de pernas","4","45","10","","","kg",
"2025-07-30 14:59:01","C","Flexão de pernas deitado","1","45","11","","","kg",
"2025-07-30 14:59:01","C","Flexão de pernas deitado","2","45","10","","","kg",
"2025-07-30 14:59:01","C","Flexão de pernas deitado","3","45","8","","","kg",
"2025-07-30 14:59:01","C","Flexão de pernas deitado","4","45","8","","","kg",
"2025-07-31 15:57:11","A","Supino reto com halteres","1","16.5","12","","","kg",
"2025-07-31 15:57:11","A","Supino reto com halteres","2","16.5","11","","","kg",
"2025-07-31 15:57:11","A","Supino reto com halteres","3","16.5","9","","","kg",
"2025-07-31 15:57:11","A","Supino reto com halteres","4","16.5","9","","","kg",
"2025-07-31 15:57:11","A","Supino inclinado com halteres","1","10","13","","","kg",
"2025-07-31 15:57:11","A","Supino inclinado com halteres","2","10","12","","","kg",
"2025-07-31 15:57:11","A","Supino inclinado com halteres","3","10","13","","","kg",
"2025-07-31 15:57:11","A","Supino inclinado com halteres","4","10","13","","","kg",
"2025-07-31 15:57:11","A","Crucifixo na máquina","1","7","16","","","kg",
"2025-07-31 15:57:11","A","Crucifixo na máquina","2","7","15","","","kg",
"2025-07-31 15:57:11","A","Crucifixo na máquina","3","8","13","","","kg",
"2025-07-31 15:57:11","A","Crucifixo na máquina","4","8","11","","","kg",
"2025-07-31 15:57:11","A","Elevação frontal com halteres","1","5","13","","","kg",
"2025-07-31 15:57:11","A","Elevação frontal com halteres","2","5","12","","","kg",
"2025-07-31 15:57:11","A","Elevação frontal com halteres","3","5","11","","","kg",
"2025-07-31 15:57:11","A","Elevação frontal com halteres","4","5","11","","","kg",
"2025-07-31 15:57:11","A","Mergulho de tríceps assistido","1","45","7","","","kg",
"2025-07-31 15:57:11","A","Mergulho de tríceps assistido","2","35","6","","","kg",
"2025-07-31 15:57:11","A","Mergulho de tríceps assistido","3","35","5","","","kg",
"2025-07-31 15:57:11","A","Mergulho de tríceps assistido","4","35","5","","","kg",
"2025-07-31 15:57:11","A","Tríceps pulley na polia alta","1","5","13","","","kg",
"2025-07-31 15:57:11","A","Tríceps pulley na polia alta","2","5","12","","","kg",
"2025-07-31 15:57:11","A","Tríceps pulley na polia alta","3","5","11","","","kg",
"2025-07-31 15:57:11","A","Tríceps pulley na polia alta","4","5","10","","","kg",
"2025-08-04 15:01:47","A","Supino reto com halteres","1","16.5","14","","","kg",
"2025-08-04 15:01:47","A","Supino reto com halteres","2","16.5","14","","","kg",
"2025-08-04 15:01:47","A","Supino reto com halteres","3","16.5","13","","","kg",
"2025-08-04 15:01:47","A","Supino reto com halteres","4","16.5","12","","","kg",
"2025-08-04 15:01:47","A","Supino inclinado com halteres","1","12.5","11","","","kg",
"2025-08-04 15:01:47","A","Supino inclinado com halteres","2","12.5","10","","","kg",
"2025-08-04 15:01:47","A","Supino inclinado com halteres","3","12.5","9","","","kg",
"2025-08-04 15:01:47","A","Supino inclinado com halteres","4","12.5","9","","","kg",
"2025-08-04 15:01:47","A","Crucifixo na máquina","1","8","12","","","kg",
"2025-08-04 15:01:47","A","Crucifixo na máquina","2","8","10","","","kg",
"2025-08-04 15:01:47","A","Crucifixo na máquina","3","7","10","","","kg",
"2025-08-04 15:01:47","A","Crucifixo na máquina","4","7","9","","","kg",
"2025-08-04 15:01:47","A","Elevação frontal com halteres","1","6","12","","","kg",
"2025-08-04 15:01:47","A","Elevação frontal com halteres","2","6","10","","","kg",
"2025-08-04 15:01:47","A","Elevação frontal com halteres","3","6","9","","","kg",
"2025-08-04 15:01:47","A","Elevação frontal com halteres","4","6","9","","","kg",
"2025-08-04 15:01:47","A","Mergulho de tríceps assistido","1","35","6","","","kg",
"2025-08-04 15:01:47","A","Mergulho de tríceps assistido","2","35","5","","","kg",
"2025-08-04 15:01:47","A","Mergulho de tríceps assistido","3","35","5","","","kg",
"2025-08-04 15:01:47","A","Mergulho de tríceps assistido","4","35","4","","","kg",
"2025-08-04 15:01:47","A","Tríceps pulley na polia alta","1","5","12","","","kg",
"2025-08-04 15:01:47","A","Tríceps pulley na polia alta","2","5","12","","","kg",
"2025-08-04 15:01:47","A","Tríceps pulley na polia alta","3","5","10","","","kg",
"2025-08-04 15:01:47","A","Tríceps pulley na polia alta","4","5","9","","","kg",
"2025-08-05 15:05:21","B","Puxada aberta frontal","1","42","14","","","kg",
"2025-08-05 15:05:21","B","Puxada aberta frontal","2","42","13","","","kg",
"2025-08-05 15:05:21","B","Puxada aberta frontal","3","42","12","","","kg",
"2025-08-05 15:05:21","B","Puxada aberta frontal","4","42","10","","","kg",
"2025-08-05 15:05:21","B","Remada na polia sentado","1","37","11","","","kg",
"2025-08-05 15:05:21","B","Remada na polia sentado","2","37","11","","","kg",
"2025-08-05 15:05:21","B","Remada na polia sentado","3","37","11","","","kg",
"2025-08-05 15:05:21","B","Remada na polia sentado","4","37","11","","","kg",
"2025-08-05 15:05:21","B","Puxada pela frente neutra","1","42","12","","","kg",
"2025-08-05 15:05:21","B","Puxada pela frente neutra","2","42","10","","","kg",
"2025-08-05 15:05:21","B","Puxada pela frente neutra","3","42","10","","","kg",
"2025-08-05 15:05:21","B","Puxada pela frente neutra","4","42","9","","","kg",
"2025-08-05 15:05:21","B","Elevação lateral com halteres","1","6","12","","","kg",
"2025-08-05 15:05:21","B","Elevação lateral com halteres","2","6","12","","","kg",
"2025-08-05 15:05:21","B","Elevação lateral com halteres","3","6","11","","","kg",
"2025-08-05 15:05:21","B","Elevação lateral com halteres","4","6","10","","","kg",
"2025-08-05 15:05:21","B","Rosca direta com barra reta","1","15","12","","","kg",
"2025-08-05 15:05:21","B","Rosca direta com barra reta","2","15","11","","","kg",
"2025-08-05 15:05:21","B","Rosca direta com barra reta","3","15","9","","","kg",
"2025-08-05 15:05:21","B","Rosca direta com barra reta","4","15","9","","","kg",
"2025-08-05 15:05:21","B","Rosca alternada com halter","1","6","9","","","kg",
"2025-08-05 15:05:21","B","Rosca alternada com halter","2","6","9","","","kg",
"2025-08-05 15:05:21","B","Rosca alternada com halter","3","6","8","","","kg",
"2025-08-05 15:05:21","B","Rosca alternada com halter","4","6","8","","","kg",
"2025-08-07 16:10:07","C","Agachamento com barra","1","50","10","","","kg",
"2025-08-07 16:10:07","C","Agachamento com barra","2","50","10","","","kg",
"2025-08-07 16:10:07","C","Agachamento com barra","3","50","10","","","kg",
"2025-08-07 16:10:07","C","Agachamento com barra","4","50","10","","","kg",
"2025-08-07 16:10:07","C","Leg press","1","200","10","","","kg",
"2025-08-07 16:10:07","C","Leg press","2","200","10","","","kg",
"2025-08-07 16:10:07","C","Leg press","3","200","9","","","kg",
"2025-08-07 16:10:07","C","Leg press","4","200","9","","","kg",
"2025-08-07 16:10:07","C","Extensão de pernas","1","55","11","","","kg",
"2025-08-07 16:10:07","C","Extensão de pernas","2","55","11","","","kg",
"2025-08-07 16:10:07","C","Extensão de pernas","3","55","10","","","kg",
"2025-08-07 16:10:07","C","Extensão de pernas","4","55","9","","","kg",
"2025-08-07 16:10:07","C","Flexão de pernas deitado","1","45","11","","","kg",
"2025-08-07 16:10:07","C","Flexão de pernas deitado","2","45","11","","","kg",
"2025-08-07 16:10:07","C","Flexão de pernas deitado","3","45","9","","","kg",
"2025-08-07 16:10:07","C","Flexão de pernas deitado","4","45","9","","","kg",
"2025-08-07 16:10:07","C","Panturrilha no leg press","1","6","16","","","kg",
"2025-08-07 16:10:07","C","Panturrilha no leg press","2","6","15","","","kg",
"2025-08-07 16:10:07","C","Panturrilha no leg press","3","6","14","","","kg",
"2025-08-07 16:10:07","C","Panturrilha no leg press","4","6","14","","","kg",
"2025-08-11 16:18:51","A","Supino reto com halteres","1","16.5","14","","","kg",
"2025-08-11 16:18:51","A","Supino reto com halteres","2","16.5","15","","","kg",
"2025-08-11 16:18:51","A","Supino reto com halteres","3","16.5","12","","","kg",
"2025-08-11 16:18:51","A","Supino reto com halteres","4","16.5","11","","","kg",
"2025-08-11 16:18:51","A","Supino inclinado com halteres","1","12.5","11","","","kg",
"2025-08-11 16:18:51","A","Supino inclinado com halteres","2","12.5","10","","","kg",
"2025-08-11 16:18:51","A","Supino inclinado com halteres","3","12.5","9","","","kg",
"2025-08-11 16:18:51","A","Supino inclinado com halteres","4","12.5","8","","","kg",
"2025-08-11 16:18:51","A","Crucifixo na máquina","1","7","11","","","kg",
"2025-08-11 16:18:51","A","Crucifixo na máquina","2","7","10","","","kg",
"2025-08-11 16:18:51","A","Crucifixo na máquina","3","7","10","","","kg",
"2025-08-11 16:18:51","A","Crucifixo na máquina","4","7","9","","","kg",
"2025-08-11 16:18:51","A","Elevação frontal com halteres","1","6","11","","","kg",
"2025-08-11 16:18:51","A","Elevação frontal com halteres","2","6","10","","","kg",
"2025-08-11 16:18:51","A","Elevação frontal com halteres","3","6","10","","","kg",
"2025-08-11 16:18:51","A","Elevação frontal com halteres","4","6","9","","","kg",
"2025-08-11 16:18:51","A","Mergulho de tríceps assistido","1","35","6","","","kg",
"2025-08-11 16:18:51","A","Mergulho de tríceps assistido","2","0","4","","","kg",
"2025-08-11 16:18:51","A","Mergulho de tríceps assistido","3","0","3","","","kg",
"2025-08-11 16:18:51","A","Mergulho de tríceps assistido","4","0","3","","","kg",
"2025-08-11 16:18:51","A","Tríceps pulley na polia alta","1","5","12","","","kg",
"2025-08-11 16:18:51","A","Tríceps pulley na polia alta","2","5","12","","","kg",
"2025-08-11 16:18:51","A","Tríceps pulley na polia alta","3","5","10","","","kg",
"2025-08-11 16:18:51","A","Tríceps pulley na polia alta","4","5","9","","","kg",
"2025-08-12 15:21:08","B","Puxada aberta frontal","1","42","14","","","kg",
"2025-08-12 15:21:08","B","Puxada aberta frontal","2","42","13","","","kg",
"2025-08-12 15:21:08","B","Puxada aberta frontal","3","42","12","","","kg",
"2025-08-12 15:21:08","B","Puxada aberta frontal","4","42","11","","","kg",
"2025-08-12 15:21:08","B","Remada na polia sentado","1","37","12","","","kg",
"2025-08-12 15:21:08","B","Remada na polia sentado","2","37","11","","","kg",
"2025-08-12 15:21:08","B","Remada na polia sentado","3","37","11","","","kg",
"2025-08-12 15:21:08","B","Remada na polia sentado","4","37","10","","","kg",
"2025-08-12 15:21:08","B","Puxada pela frente neutra","1","42","11","","","kg",
"2025-08-12 15:21:08","B","Puxada pela frente neutra","2","42","10","","","kg",
"2025-08-12 15:21:08","B","Puxada pela frente neutra","3","42","10","","","kg",
"2025-08-12 15:21:08","B","Puxada pela frente neutra","4","42","9","","","kg",
"2025-08-12 15:21:08","B","Elevação lateral com halteres","1","6","13","","","kg",
"2025-08-12 15:21:08","B","Elevação lateral com halteres","2","6","12","","","kg",
"2025-08-12 15:21:08","B","Elevação lateral com halteres","3","6","11","","","kg",
"2025-08-12 15:21:08","B","Elevação lateral com halteres","4","6","10","","","kg",
"2025-08-12 15:21:08","B","Rosca direta com barra reta","1","15","12","","","kg",
"2025-08-12 15:21:08","B","Rosca direta com barra reta","2","15","11","","","kg",
"2025-08-12 15:21:08","B","Rosca direta com barra reta","3","15","10","","","kg",
"2025-08-12 15:21:08","B","Rosca direta com barra reta","4","15","9","","","kg",
"2025-08-12 15:21:08","B","Rosca alternada com halter","1","6","10","","","kg",
"2025-08-12 15:21:08","B","Rosca alternada com halter","2","6","10","","","kg",
"2025-08-12 15:21:08","B","Rosca alternada com halter","3","6","10","","","kg",
"2025-08-12 15:21:08","B","Rosca alternada com halter","4","6","9","","","kg",
"2025-08-13 14:44:33","C","Agachamento com barra","1","50","11","","","kg",
"2025-08-13 14:44:33","C","Agachamento com barra","2","50","12","","","kg",
"2025-08-13 14:44:33","C","Agachamento com barra","3","50","10","","","kg",
"2025-08-13 14:44:33","C","Agachamento com barra","4","50","10","","","kg",
"2025-08-13 14:44:33","C","Leg press","1","200","12","","","kg",
"2025-08-13 14:44:33","C","Leg press","2","200","12","","","kg",
"2025-08-13 14:44:33","C","Leg press","3","200","12","","","kg",
"2025-08-13 14:44:33","C","Leg press","4","200","10","","","kg",
"2025-08-13 14:44:33","C","Extensão de pernas","1","55","11","","","kg",
"2025-08-13 14:44:33","C","Extensão de pernas","2","55","10","","","kg",
"2025-08-13 14:44:33","C","Extensão de pernas","3","55","10","","","kg",
"2025-08-13 14:44:33","C","Extensão de pernas","4","55","9","","","kg",
"2025-08-13 14:44:33","C","Flexão de pernas deitado","1","45","12","","","kg",
"2025-08-13 14:44:33","C","Flexão de pernas deitado","2","45","11","","","kg",
"2025-08-13 14:44:33","C","Flexão de pernas deitado","3","45","10","","","kg",
"2025-08-13 14:44:33","C","Flexão de pernas deitado","4","45","9","","","kg",
"2025-08-13 14:44:33","C","Panturrilha no leg press","1","6","16","","","kg",
"2025-08-13 14:44:33","C","Panturrilha no leg press","2","6","15","","","kg",
"2025-08-13 14:44:33","C","Panturrilha no leg press","3","6","15","","","kg",
"2025-08-13 14:44:33","C","Panturrilha no leg press","4","6","14","","","kg",
"2025-08-14 14:58:40","A","Supino reto com halteres","1","16.5","12","","","kg",
"2025-08-14 14:58:40","A","Supino reto com halteres","2","16.5","10","","","kg",
"2025-08-14 14:58:40","A","Supino reto com halteres","3","16.5","10","","","kg",
"2025-08-14 14:58:40","A","Supino reto com halteres","4","16.5","9","","","kg",
"2025-08-14 14:58:40","A","Supino inclinado com halteres","1","12.5","14","","","kg",
"2025-08-14 14:58:40","A","Supino inclinado com halteres","2","12.5","14","","","kg",
"2025-08-14 14:58:40","A","Supino inclinado com halteres","3","12.5","13","","","kg",
"2025-08-14 14:58:40","A","Supino inclinado com halteres","4","12.5","12","","","kg",
"2025-08-14 14:58:40","A","Crucifixo na máquina","1","7","12","","","kg",
"2025-08-14 14:58:40","A","Crucifixo na máquina","2","7","10","","","kg",
"2025-08-14 14:58:40","A","Crucifixo na máquina","3","7","10","","","kg",
"2025-08-14 14:58:40","A","Crucifixo na máquina","4","7","9","","","kg",
"2025-08-14 14:58:40","A","Elevação frontal com halteres","1","6","13","","","kg",
"2025-08-14 14:58:40","A","Elevação frontal com halteres","2","6","12","","","kg",
"2025-08-14 14:58:40","A","Elevação frontal com halteres","3","6","12","","","kg",
"2025-08-14 14:58:40","A","Elevação frontal com halteres","4","6","12","","","kg",
"2025-08-14 14:58:40","A","Mergulho de tríceps assistido","1","0","4","","","kg",
"2025-08-14 14:58:40","A","Mergulho de tríceps assistido","2","0","4","","","kg",
"2025-08-14 14:58:40","A","Mergulho de tríceps assistido","3","0","3","","","kg",
"2025-08-14 14:58:40","A","Mergulho de tríceps assistido","4","0","3","","","kg",
"2025-08-14 14:58:40","A","Tríceps pulley na polia alta","1","5","14","","","kg",
"2025-08-14 14:58:40","A","Tríceps pulley na polia alta","2","5","13","","","kg",
"2025-08-14 14:58:40","A","Tríceps pulley na polia alta","3","5","10","","","kg",
"2025-08-14 14:58:40","A","Tríceps pulley na polia alta","4","5","10","","","kg",
"2025-08-18 14:41:02","A","Supino reto com halteres","1","16.5","15","","","kg",
"2025-08-18 14:41:02","A","Supino reto com halteres","2","16.5","15","","","kg",
"2025-08-18 14:41:02","A","Supino reto com halteres","3","18","12","","","kg",
"2025-08-18 14:41:02","A","Supino reto com halteres","4","18","11","","","kg",
"2025-08-18 14:41:02","A","Supino inclinado com halteres","1","12.5","13","","","kg",
"2025-08-18 14:41:02","A","Supino inclinado com halteres","2","12.5","12","","","kg",
"2025-08-18 14:41:02","A","Supino inclinado com halteres","3","12.5","11","","","kg",
"2025-08-18 14:41:02","A","Supino inclinado com halteres","4","12.5","10","","","kg",
"2025-08-18 14:41:02","A","Crucifixo na máquina","1","7","14","","","kg",
"2025-08-18 14:41:02","A","Crucifixo na máquina","2","7","13","","","kg",
"2025-08-18 14:41:02","A","Crucifixo na máquina","3","7","12","","","kg",
"2025-08-18 14:41:02","A","Crucifixo na máquina","4","7","11","","","kg",
"2025-08-18 14:41:02","A","Elevação frontal com halteres","1","6","12","","","kg",
"2025-08-18 14:41:02","A","Elevação frontal com halteres","2","6","12","","","kg",
"2025-08-18 14:41:02","A","Elevação frontal com halteres","3","6","11","","","kg",
"2025-08-18 14:41:02","A","Elevação frontal com halteres","4","6","11","","","kg",
"2025-08-18 14:41:02","A","Mergulho de tríceps assistido","1","0","4","","","kg",
"2025-08-18 14:41:02","A","Mergulho de tríceps assistido","2","0","4","","","kg",
"2025-08-18 14:41:02","A","Mergulho de tríceps assistido","3","0","4","","","kg",
"2025-08-18 14:41:02","A","Mergulho de tríceps assistido","4","0","3","","","kg",
"2025-08-18 14:41:02","A","Tríceps pulley na polia alta","1","5","14","","","kg",
"2025-08-18 14:41:02","A","Tríceps pulley na polia alta","2","5","12","","","kg",
"2025-08-18 14:41:02","A","Tríceps pulley na polia alta","3","5","10","","","kg",
"2025-08-18 14:41:02","A","Tríceps pulley na polia alta","4","5","10","","","kg",
"2025-08-19 14:56:28","B","Puxada aberta frontal","1","42","14","","","kg",
"2025-08-19 14:56:28","B","Puxada aberta frontal","2","42","12","","","kg",
"2025-08-19 14:56:28","B","Puxada aberta frontal","3","42","12","","","kg",
"2025-08-19 14:56:28","B","Puxada aberta frontal","4","42","11","","","kg",
"2025-08-19 14:56:28","B","Remada na polia sentado","1","37","12","","","kg",
"2025-08-19 14:56:28","B","Remada na polia sentado","2","37","12","","","kg",
"2025-08-19 14:56:28","B","Remada na polia sentado","3","37","12","","","kg",
"2025-08-19 14:56:28","B","Remada na polia sentado","4","37","11","","","kg",
"2025-08-19 14:56:28","B","Puxada pela frente neutra","1","42","11","","","kg",
"2025-08-19 14:56:28","B","Puxada pela frente neutra","2","42","10","","","kg",
"2025-08-19 14:56:28","B","Puxada pela frente neutra","3","42","10","","","kg",
"2025-08-19 14:56:28","B","Puxada pela frente neutra","4","42","10","","","kg",
"2025-08-19 14:56:28","B","Elevação lateral com halteres","1","7","12","","","kg",
"2025-08-19 14:56:28","B","Elevação lateral com halteres","2","7","11","","","kg",
"2025-08-19 14:56:28","B","Elevação lateral com halteres","3","7","10","","","kg",
"2025-08-19 14:56:28","B","Elevação lateral com halteres","4","7","10","","","kg",
"2025-08-19 14:56:28","B","Rosca direta com barra reta","1","15","12","","","kg",
"2025-08-19 14:56:28","B","Rosca direta com barra reta","2","15","11","","","kg",
"2025-08-19 14:56:28","B","Rosca direta com barra reta","3","15","10","","","kg",
"2025-08-19 14:56:28","B","Rosca direta com barra reta","4","15","9","","","kg",
"2025-08-19 14:56:28","B","Rosca alternada com halter","1","7","9","","","kg",
"2025-08-19 14:56:28","B","Rosca alternada com halter","2","7","8","","","kg",
"2025-08-19 14:56:28","B","Rosca alternada com halter","3","7","8","","","kg",
"2025-08-19 14:56:28","B","Rosca alternada com halter","4","7","7","","","kg",
"2025-08-20 14:53:54","C","Agachamento com barra","1","50","12","","","kg",
"2025-08-20 14:53:54","C","Agachamento com barra","2","50","11","","","kg",
"2025-08-20 14:53:54","C","Agachamento com barra","3","50","11","","","kg",
"2025-08-20 14:53:54","C","Agachamento com barra","4","50","10","","","kg",
"2025-08-20 14:53:54","C","Leg press","1","160","12","","","kg",
"2025-08-20 14:53:54","C","Leg press","2","160","11","","","kg",
"2025-08-20 14:53:54","C","Leg press","3","160","10","","","kg",
"2025-08-20 14:53:54","C","Leg press","4","160","10","","","kg",
"2025-08-20 14:53:54","C","Extensão de pernas","1","55","11","","","kg",
"2025-08-20 14:53:54","C","Extensão de pernas","2","55","10","","","kg",
"2025-08-20 14:53:54","C","Extensão de pernas","3","55","10","","","kg",
"2025-08-20 14:53:54","C","Extensão de pernas","4","55","9","","","kg",
"2025-08-20 14:53:54","C","Flexão de pernas deitado","1","45","12","","","kg",
"2025-08-20 14:53:54","C","Flexão de pernas deitado","2","45","10","","","kg",
"2025-08-20 14:53:54","C","Flexão de pernas deitado","3","45","10","","","kg",
"2025-08-20 14:53:54","C","Flexão de pernas deitado","4","45","9","","","kg",
"2025-08-20 14:53:54","C","Panturrilha no leg press","1","6","16","","","kg",
"2025-08-20 14:53:54","C","Panturrilha no leg press","2","6","16","","","kg",
"2025-08-20 14:53:54","C","Panturrilha no leg press","3","6","15","","","kg",
"2025-08-20 14:53:54","C","Panturrilha no leg press","4","6","14","","","kg",
"2025-08-21 14:51:32","A","Supino reto com halteres","1","18","12","","","kg",
"2025-08-21 14:51:32","A","Supino reto com halteres","2","18","11","","","kg",
"2025-08-21 14:51:32","A","Supino reto com halteres","3","18","10","","","kg",
"2025-08-21 14:51:32","A","Supino reto com halteres","4","16","9","","","kg",
"2025-08-21 14:51:32","A","Supino inclinado com halteres","1","12.5","14","","","kg",
"2025-08-21 14:51:32","A","Supino inclinado com halteres","2","12.5","14","","","kg",
"2025-08-21 14:51:32","A","Supino inclinado com halteres","3","12.5","14","","","kg",
"2025-08-21 14:51:32","A","Supino inclinado com halteres","4","12.5","14","","","kg",
"2025-08-21 14:51:32","A","Crucifixo na máquina","1","7","15","","","kg",
"2025-08-21 14:51:32","A","Crucifixo na máquina","2","8","15","","","kg",
"2025-08-21 14:51:32","A","Crucifixo na máquina","3","8","14","","","kg",
"2025-08-21 14:51:32","A","Crucifixo na máquina","4","8","12","","","kg",
"2025-08-21 14:51:32","A","Elevação frontal com halteres","1","6","11","","","kg",
"2025-08-21 14:51:32","A","Elevação frontal com halteres","2","6","10","","","kg",
"2025-08-21 14:51:32","A","Elevação frontal com halteres","3","6","10","","","kg",
"2025-08-21 14:51:32","A","Elevação frontal com halteres","4","6","10","","","kg",
"2025-08-21 14:51:32","A","Mergulho de tríceps assistido","1","0","6","","","kg",
"2025-08-21 14:51:32","A","Mergulho de tríceps assistido","2","0","5","","","kg",
"2025-08-21 14:51:32","A","Mergulho de tríceps assistido","3","0","5","","","kg",
"2025-08-21 14:51:32","A","Mergulho de tríceps assistido","4","0","4","","","kg",
"2025-08-21 14:51:32","A","Tríceps pulley na polia alta","1","5","12","","","kg",
"2025-08-21 14:51:32","A","Tríceps pulley na polia alta","2","5","12","","","kg",
"2025-08-21 14:51:32","A","Tríceps pulley na polia alta","3","5","10","","","kg",
"2025-08-21 14:51:32","A","Tríceps pulley na polia alta","4","5","10","","","kg",
"2025-08-25 14:40:59","A","Supino reto com halteres","1","18","14","","","kg",
"2025-08-25 14:40:59","A","Supino reto com halteres","2","18","14","","","kg",
"2025-08-25 14:40:59","A","Supino reto com halteres","3","18","12","","","kg",
"2025-08-25 14:40:59","A","Supino reto com halteres","4","16","11","","","kg",
"2025-08-25 14:40:59","A","Supino inclinado com halteres","1","14","12","","","kg",
"2025-08-25 14:40:59","A","Supino inclinado com halteres","2","14","11","","","kg",
"2025-08-25 14:40:59","A","Supino inclinado com halteres","3","14","10","","","kg",
"2025-08-25 14:40:59","A","Supino inclinado com halteres","4","14","10","","","kg",
"2025-08-25 14:40:59","A","Crucifixo na máquina","1","9","12","","","kg",
"2025-08-25 14:40:59","A","Crucifixo na máquina","2","9","10","","","kg",
"2025-08-25 14:40:59","A","Crucifixo na máquina","3","9","9","","","kg",
"2025-08-25 14:40:59","A","Crucifixo na máquina","4","9","9","","","kg",
"2025-08-25 14:40:59","A","Elevação frontal com halteres","1","6","12","","","kg",
"2025-08-25 14:40:59","A","Elevação frontal com halteres","2","6","12","","","kg",
"2025-08-25 14:40:59","A","Elevação frontal com halteres","3","6","12","","","kg",
"2025-08-25 14:40:59","A","Elevação frontal com halteres","4","6","10","","","kg",
"2025-08-25 14:40:59","A","Mergulho de tríceps assistido","1","0","4","","","kg",
"2025-08-25 14:40:59","A","Mergulho de tríceps assistido","2","0","4","","","kg",
"2025-08-25 14:40:59","A","Mergulho de tríceps assistido","3","0","3","","","kg",
"2025-08-25 14:40:59","A","Mergulho de tríceps assistido","4","0","3","","","kg",
"2025-08-25 14:40:59","A","Tríceps pulley na polia alta","1","5","13","","","kg",
"2025-08-25 14:40:59","A","Tríceps pulley na polia alta","2","6","11","","","kg",
"2025-08-25 14:40:59","A","Tríceps pulley na polia alta","3","6","10","","","kg",
"2025-08-25 14:40:59","A","Tríceps pulley na polia alta","4","6","9","","","kg",
"2025-08-26 14:56:21","B","Puxada aberta frontal","1","10","15","","","kg",
"2025-08-26 14:56:21","B","Puxada aberta frontal","2","11","12","","","kg",
"2025-08-26 14:56:21","B","Puxada aberta frontal","3","11","11","","","kg",
"2025-08-26 14:56:21","B","Puxada aberta frontal","4","11","10","","","kg",
"2025-08-26 14:56:21","B","Remada na polia sentado","1","10","12","","","kg",
"2025-08-26 14:56:21","B","Remada na polia sentado","2","10","11","","","kg",
"2025-08-26 14:56:21","B","Remada na polia sentado","3","10","11","","","kg",
"2025-08-26 14:56:21","B","Remada na polia sentado","4","10","11","","","kg",
"2025-08-26 14:56:21","B","Puxada pela frente neutra","1","10","10","","","kg",
"2025-08-26 14:56:21","B","Puxada pela frente neutra","2","10","10","","","kg",
"2025-08-26 14:56:21","B","Puxada pela frente neutra","3","10","10","","","kg",
"2025-08-26 14:56:21","B","Puxada pela frente neutra","4","10","9","","","kg",
"2025-08-26 14:56:21","B","Elevação lateral com halteres","1","7","12","","","kg",
"2025-08-26 14:56:21","B","Elevação lateral com halteres","2","7","11","","","kg",
"2025-08-26 14:56:21","B","Elevação lateral com halteres","3","7","10","","","kg",
"2025-08-26 14:56:21","B","Elevação lateral com halteres","4","7","10","","","kg",
"2025-08-26 14:56:21","B","Rosca direta com barra reta","1","15","11","","","kg",
"2025-08-26 14:56:21","B","Rosca direta com barra reta","2","15","10","","","kg",
"2025-08-26 14:56:21","B","Rosca direta com barra reta","3","15","10","","","kg",
"2025-08-26 14:56:21","B","Rosca direta com barra reta","4","15","9","","","kg",
"2025-08-26 14:56:21","B","Rosca alternada com halter","1","7","9","","","kg",
"2025-08-26 14:56:21","B","Rosca alternada com halter","2","7","8","","","kg",
"2025-08-26 14:56:21","B","Rosca alternada com halter","3","7","8","","","kg",
"2025-08-26 14:56:21","B","Rosca alternada com halter","4","7","7","","","kg",
"2025-08-27 14:53:58","C","Agachamento com barra","1","50","10","","","kg",
"2025-08-27 14:53:58","C","Agachamento com barra","2","50","10","","","kg",
"2025-08-27 14:53:58","C","Agachamento com barra","3","50","10","","","kg",
"2025-08-27 14:53:58","C","Agachamento com barra","4","50","10","","","kg",
"2025-08-27 14:53:58","C","Leg press","1","160","12","","","kg",
"2025-08-27 14:53:58","C","Leg press","2","160","10","","","kg",
"2025-08-27 14:53:58","C","Leg press","3","160","10","","","kg",
"2025-08-27 14:53:58","C","Leg press","4","160","9","","","kg",
"2025-08-27 14:53:58","C","Extensão de pernas","1","55","12","","","kg",
"2025-08-27 14:53:58","C","Extensão de pernas","2","55","11","","","kg",
"2025-08-27 14:53:58","C","Extensão de pernas","3","55","11","","","kg",
"2025-08-27 14:53:58","C","Extensão de pernas","4","55","11","","","kg",
"2025-08-27 14:53:58","C","Flexão de pernas deitado","1","45","16","","","kg",
"2025-08-27 14:53:58","C","Flexão de pernas deitado","2","55","12","","","kg",
"2025-08-27 14:53:58","C","Flexão de pernas deitado","3","55","11","","","kg",
"2025-08-27 14:53:58","C","Flexão de pernas deitado","4","55","9","","","kg",
"2025-08-27 14:53:58","C","Panturrilha no leg press","1","7","16","","","kg",
"2025-08-27 14:53:58","C","Panturrilha no leg press","2","7","15","","","kg",
"2025-08-27 14:53:58","C","Panturrilha no leg press","3","7","15","","","kg",
"2025-08-27 14:53:58","C","Panturrilha no leg press","4","7","15","","","kg",
"2025-08-28 14:52:00","A","Supino reto com halteres","1","18","10","","","kg",
"2025-08-28 14:52:00","A","Supino reto com halteres","2","18","9","","","kg",
"2025-08-28 14:52:00","A","Supino reto com halteres","3","18","9","","","kg",
"2025-08-28 14:52:00","A","Supino reto com halteres","4","16","8","","","kg",
"2025-08-28 14:52:00","A","Supino inclinado com halteres","1","14","14","","","kg",
"2025-08-28 14:52:00","A","Supino inclinado com halteres","2","14","13","","","kg",
"2025-08-28 14:52:00","A","Supino inclinado com halteres","3","14","12","","","kg",
"2025-08-28 14:52:00","A","Supino inclinado com halteres","4","14","11","","","kg",
"2025-08-28 14:52:00","A","Crucifixo na máquina","1","9","14","","","kg",
"2025-08-28 14:52:00","A","Crucifixo na máquina","2","9","13","","","kg",
"2025-08-28 14:52:00","A","Crucifixo na máquina","3","9","12","","","kg",
"2025-08-28 14:52:00","A","Crucifixo na máquina","4","9","10","","","kg",
"2025-08-28 14:52:00","A","Elevação frontal com halteres","1","6","12","","","kg",
"2025-08-28 14:52:00","A","Elevação frontal com halteres","2","6","12","","","kg",
"2025-08-28 14:52:00","A","Elevação frontal com halteres","3","6","11","","","kg",
"2025-08-28 14:52:00","A","Elevação frontal com halteres","4","6","10","","","kg",
"2025-08-28 14:52:00","A","Mergulho de tríceps assistido","1","0","5","","","kg",
"2025-08-28 14:52:00","A","Mergulho de tríceps assistido","2","0","5","","","kg",
"2025-08-28 14:52:00","A","Mergulho de tríceps assistido","3","0","4","","","kg",
"2025-08-28 14:52:00","A","Mergulho de tríceps assistido","4","0","4","","","kg",
"2025-08-28 14:52:00","A","Tríceps pulley na polia alta","1","6","12","","","kg",
"2025-08-28 14:52:00","A","Tríceps pulley na polia alta","2","6","11","","","kg",
"2025-08-28 14:52:00","A","Tríceps pulley na polia alta","3","6","10","","","kg",
"2025-08-28 14:52:00","A","Tríceps pulley na polia alta","4","6","9","","","kg",
"2025-08-29 14:37:55","B","Puxada aberta frontal","1","10","12","","","kg",
"2025-08-29 14:37:55","B","Puxada aberta frontal","2","10","12","","","kg",
"2025-08-29 14:37:55","B","Puxada aberta frontal","3","10","11","","","kg",
"2025-08-29 14:37:55","B","Puxada aberta frontal","4","10","11","","","kg",
"2025-08-29 14:37:55","B","Remada na polia sentado","1","10","12","","","kg",
"2025-08-29 14:37:55","B","Remada na polia sentado","2","10","11","","","kg",
"2025-08-29 14:37:55","B","Remada na polia sentado","3","10","11","","","kg",
"2025-08-29 14:37:55","B","Remada na polia sentado","4","10","11","","","kg",
"2025-08-29 14:37:55","B","Puxada pela frente neutra","1","10","15","","","kg",
"2025-08-29 14:37:55","B","Puxada pela frente neutra","2","11","12","","","kg",
"2025-08-29 14:37:55","B","Puxada pela frente neutra","3","11","11","","","kg",
"2025-08-29 14:37:55","B","Puxada pela frente neutra","4","11","9","","","kg",
"2025-08-29 14:37:55","B","Elevação lateral com halteres","1","7","12","","","kg",
"2025-08-29 14:37:55","B","Elevação lateral com halteres","2","7","12","","","kg",
"2025-08-29 14:37:55","B","Elevação lateral com halteres","3","7","10","","","kg",
"2025-08-29 14:37:55","B","Elevação lateral com halteres","4","7","10","","","kg",
"2025-08-29 14:37:55","B","Rosca direta com barra reta","1","15","12","","","kg",
"2025-08-29 14:37:55","B","Rosca direta com barra reta","2","15","11","","","kg",
"2025-08-29 14:37:55","B","Rosca direta com barra reta","3","15","10","","","kg",
"2025-08-29 14:37:55","B","Rosca direta com barra reta","4","15","9","","","kg",
"2025-08-29 14:37:55","B","Rosca alternada com halter","1","7","11","","","kg",
"2025-08-29 14:37:55","B","Rosca alternada com halter","2","7","10","","","kg",
"2025-08-29 14:37:55","B","Rosca alternada com halter","3","7","9","","","kg",
"2025-08-29 14:37:55","B","Rosca alternada com halter","4","7","9","","","kg",
"2025-09-01 14:14:21","A","Supino reto com halteres","1","18","14","","","kg",
"2025-09-01 14:14:21","A","Supino reto com halteres","2","18","14","","","kg",
"2025-09-01 14:14:21","A","Supino reto com halteres","3","18","13","","","kg",
"2025-09-01 14:14:21","A","Supino reto com halteres","4","16","13","","","kg",
"2025-09-01 14:14:21","A","Supino inclinado com halteres","1","14","12","","","kg",
"2025-09-01 14:14:21","A","Supino inclinado com halteres","2","14","11","","","kg",
"2025-09-01 14:14:21","A","Supino inclinado com halteres","3","14","9","","","kg",
"2025-09-01 14:14:21","A","Supino inclinado com halteres","4","14","10","","","kg",
"2025-09-01 14:14:21","A","Crucifixo na máquina","1","9","11","","","kg",
"2025-09-01 14:14:21","A","Crucifixo na máquina","2","9","10","","","kg",
"2025-09-01 14:14:21","A","Crucifixo na máquina","3","9","9","","","kg",
"2025-09-01 14:14:21","A","Crucifixo na máquina","4","9","8","","","kg",
"2025-09-01 14:14:21","A","Elevação frontal com halteres","1","7","11","","","kg",
"2025-09-01 14:14:21","A","Elevação frontal com halteres","2","7","11","","","kg",
"2025-09-01 14:14:21","A","Elevação frontal com halteres","3","7","10","","","kg",
"2025-09-01 14:14:21","A","Elevação frontal com halteres","4","7","9","","","kg",
"2025-09-01 14:14:21","A","Mergulho de tríceps assistido","1","0","6","","","kg",
"2025-09-01 14:14:21","A","Mergulho de tríceps assistido","2","0","5","","","kg",
"2025-09-01 14:14:21","A","Mergulho de tríceps assistido","3","0","5","","","kg",
"2025-09-01 14:14:21","A","Mergulho de tríceps assistido","4","0","5","","","kg",
"2025-09-01 14:14:21","A","Tríceps pulley na polia alta","1","6","13","","","kg",
"2025-09-01 14:14:21","A","Tríceps pulley na polia alta","2","6","11","","","kg",
"2025-09-01 14:14:21","A","Tríceps pulley na polia alta","3","6","10","","","kg",
"2025-09-01 14:14:21","A","Tríceps pulley na polia alta","4","6","9","","","kg",
"2025-09-02 14:30:01","B","Puxada aberta frontal","1","10","16","","","kg",
"2025-09-02 14:30:01","B","Puxada aberta frontal","2","11","13","","","kg",
"2025-09-02 14:30:01","B","Puxada aberta frontal","3","11","12","","","kg",
"2025-09-02 14:30:01","B","Puxada aberta frontal","4","11","11","","","kg",
"2025-09-02 14:30:01","B","Remada na polia sentado","1","10","12","","","kg",
"2025-09-02 14:30:01","B","Remada na polia sentado","2","10","12","","","kg",
"2025-09-02 14:30:01","B","Remada na polia sentado","3","10","11","","","kg",
"2025-09-02 14:30:01","B","Remada na polia sentado","4","10","11","","","kg",
"2025-09-02 14:30:01","B","Puxada pela frente neutra","1","11","12","","","kg",
"2025-09-02 14:30:01","B","Puxada pela frente neutra","2","11","11","","","kg",
"2025-09-02 14:30:01","B","Puxada pela frente neutra","3","11","10","","","kg",
"2025-09-02 14:30:01","B","Puxada pela frente neutra","4","11","9","","","kg",
"2025-09-02 14:30:01","B","Elevação lateral com halteres","1","7","12","","","kg",
"2025-09-02 14:30:01","B","Elevação lateral com halteres","2","7","11","","","kg",
"2025-09-02 14:30:01","B","Elevação lateral com halteres","3","7","10","","","kg",
"2025-09-02 14:30:01","B","Elevação lateral com halteres","4","7","10","","","kg",
"2025-09-02 14:30:01","B","Rosca direta com barra reta","1","15","13","","","kg",
"2025-09-02 14:30:01","B","Rosca direta com barra reta","2","15","12","","","kg",
"2025-09-02 14:30:01","B","Rosca direta com barra reta","3","15","10","","","kg",
"2025-09-02 14:30:01","B","Rosca direta com barra reta","4","15","10","","","kg",
"2025-09-02 14:30:01","B","Rosca alternada com halter","1","7","10","","","kg",
"2025-09-02 14:30:01","B","Rosca alternada com halter","2","7","9","","","kg",
"2025-09-02 14:30:01","B","Rosca alternada com halter","3","7","10","","","kg",
"2025-09-02 14:30:01","B","Rosca alternada com halter","4","7","9","","","kg",
"2025-09-03 14:12:45","C","Agachamento com barra","1","50","12","","","kg",
"2025-09-03 14:12:45","C","Agachamento com barra","2","50","12","","","kg",
"2025-09-03 14:12:45","C","Agachamento com barra","3","50","11","","","kg",
"2025-09-03 14:12:45","C","Agachamento com barra","4","50","11","","","kg",
"2025-09-03 14:12:45","C","Leg press","1","160","11","","","kg",
"2025-09-03 14:12:45","C","Leg press","2","160","11","","","kg",
"2025-09-03 14:12:45","C","Leg press","3","160","11","","","kg",
"2025-09-03 14:12:45","C","Leg press","4","160","10","","","kg",
"2025-09-03 14:12:45","C","Extensão de pernas","1","55","12","","","kg",
"2025-09-03 14:12:45","C","Extensão de pernas","2","55","12","","","kg",
"2025-09-03 14:12:45","C","Extensão de pernas","3","55","11","","","kg",
"2025-09-03 14:12:45","C","Extensão de pernas","4","55","10","","","kg",
"2025-09-03 14:12:45","C","Flexão de pernas deitado","1","55","13","","","kg",
"2025-09-03 14:12:45","C","Flexão de pernas deitado","2","55","12","","","kg",
"2025-09-03 14:12:45","C","Flexão de pernas deitado","3","55","10","","","kg",
"2025-09-03 14:12:45","C","Flexão de pernas deitado","4","55","9","","","kg",
"2025-09-03 14:12:45","C","Panturrilha no leg press","1","7","17","","","kg",
"2025-09-03 14:12:45","C","Panturrilha no leg press","2","8","15","","","kg",
"2025-09-03 14:12:45","C","Panturrilha no leg press","3","8","14","","","kg",
"2025-09-03 14:12:45","C","Panturrilha no leg press","4","8","14","","","kg",
"2025-09-04 14:00:53","A","Supino reto com halteres","1","18","11","","","kg",
"2025-09-04 14:00:53","A","Supino reto com halteres","2","18","10","","","kg",
"2025-09-04 14:00:53","A","Supino reto com halteres","3","18","9","","","kg",
"2025-09-04 14:00:53","A","Supino reto com halteres","4","18","8","","","kg",
"2025-09-04 14:00:53","A","Supino inclinado com halteres","1","14","14","","","kg",
"2025-09-04 14:00:53","A","Supino inclinado com halteres","2","14","13","","","kg",
"2025-09-04 14:00:53","A","Supino inclinado com halteres","3","14","12","","","kg",
"2025-09-04 14:00:53","A","Supino inclinado com halteres","4","14","10","","","kg",
"2025-09-04 14:00:53","A","Crucifixo na máquina","1","9","15","","","kg",
"2025-09-04 14:00:53","A","Crucifixo na máquina","2","10","14","","","kg",
"2025-09-04 14:00:53","A","Crucifixo na máquina","3","10","13","","","kg",
"2025-09-04 14:00:53","A","Crucifixo na máquina","4","10","11","","","kg",
"2025-09-04 14:00:53","A","Elevação frontal com halteres","1","6","14","","","kg",
"2025-09-04 14:00:53","A","Elevação frontal com halteres","2","6","13","","","kg",
"2025-09-04 14:00:53","A","Elevação frontal com halteres","3","6","12","","","kg",
"2025-09-04 14:00:53","A","Elevação frontal com halteres","4","6","11","","","kg",
"2025-09-04 14:00:53","A","Mergulho de tríceps assistido","1","0","6","","","kg",
"2025-09-04 14:00:53","A","Mergulho de tríceps assistido","2","0","5","","","kg",
"2025-09-04 14:00:53","A","Mergulho de tríceps assistido","3","0","5","","","kg",
"2025-09-04 14:00:53","A","Mergulho de tríceps assistido","4","0","5","","","kg",
"2025-09-04 14:00:53","A","Tríceps pulley na polia alta","1","6","13","","","kg",
"2025-09-04 14:00:53","A","Tríceps pulley na polia alta","2","6","11","","","kg",
"2025-09-04 14:00:53","A","Tríceps pulley na polia alta","3","6","10","","","kg",
"2025-09-08 14:31:13","A","Supino reto com halteres","1","18","16","","","kg",
"2025-09-08 14:31:13","A","Supino reto com halteres","2","18","15","","","kg",
"2025-09-08 14:31:13","A","Supino reto com halteres","3","18","14","","","kg",
"2025-09-08 14:31:13","A","Supino reto com halteres","4","18","13","","","kg",
"2025-09-08 14:31:13","A","Supino inclinado com halteres","1","14","10","","","kg",
"2025-09-08 14:31:13","A","Supino inclinado com halteres","2","14","10","","","kg",
"2025-09-08 14:31:13","A","Supino inclinado com halteres","3","14","10","","","kg",
"2025-09-08 14:31:13","A","Supino inclinado com halteres","4","14","10","","","kg",
"2025-09-08 14:31:13","A","Crucifixo na máquina","1","9","14","","","kg",
"2025-09-08 14:31:13","A","Crucifixo na máquina","2","10","10","","","kg",
"2025-09-08 14:31:13","A","Crucifixo na máquina","3","10","9","","","kg",
"2025-09-08 14:31:13","A","Crucifixo na máquina","4","9","10","","","kg",
"2025-09-08 14:31:13","A","Elevação frontal com halteres","1","7","12","","","kg",
"2025-09-08 14:31:13","A","Elevação frontal com halteres","2","7","11","","","kg",
"2025-09-08 14:31:13","A","Elevação frontal com halteres","3","7","11","","","kg",
"2025-09-08 14:31:13","A","Elevação frontal com halteres","4","7","11","","","kg",
"2025-09-08 14:31:13","A","Mergulho de tríceps assistido","1","0","5","","","kg",
"2025-09-08 14:31:13","A","Mergulho de tríceps assistido","2","0","4","","","kg",
"2025-09-08 14:31:13","A","Mergulho de tríceps assistido","3","0","4","","","kg",
"2025-09-08 14:31:13","A","Mergulho de tríceps assistido","4","0","4","","","kg",
"2025-09-08 14:31:13","A","Tríceps pulley na polia alta","1","6","12","","","kg",
"2025-09-08 14:31:13","A","Tríceps pulley na polia alta","2","6","12","","","kg",
"2025-09-08 14:31:13","A","Tríceps pulley na polia alta","3","6","10","","","kg",
"2025-09-08 14:31:13","A","Tríceps pulley na polia alta","4","6","9","","","kg",
"2025-09-09 14:18:03","B","Puxada aberta frontal","1","11","13","","","kg",
"2025-09-09 14:18:03","B","Puxada aberta frontal","2","11","13","","","kg",
"2025-09-09 14:18:03","B","Puxada aberta frontal","3","11","11","","","kg",
"2025-09-09 14:18:03","B","Puxada aberta frontal","4","11","11","","","kg",
"2025-09-09 14:18:03","B","Remada na polia sentado","1","10","14","","","kg",
"2025-09-09 14:18:03","B","Remada na polia sentado","2","11","12","","","kg",
"2025-09-09 14:18:03","B","Remada na polia sentado","3","11","12","","","kg",
"2025-09-09 14:18:03","B","Remada na polia sentado","4","11","11","","","kg",
"2025-09-09 14:18:03","B","Puxada pela frente neutra","1","11","11","","","kg",
"2025-09-09 14:18:03","B","Puxada pela frente neutra","2","11","10","","","kg",
"2025-09-09 14:18:03","B","Puxada pela frente neutra","3","10","10","","","kg",
"2025-09-09 14:18:03","B","Puxada pela frente neutra","4","10","8","","","kg",
"2025-09-09 14:18:03","B","Elevação lateral com halteres","1","9","10","","","kg",
"2025-09-09 14:18:03","B","Elevação lateral com halteres","2","9","9","","","kg",
"2025-09-09 14:18:03","B","Elevação lateral com halteres","3","9","8","","","kg",
"2025-09-09 14:18:03","B","Elevação lateral com halteres","4","9","8","","","kg",
"2025-09-09 14:18:03","B","Rosca direta com barra reta","1","15","11","","","kg",
"2025-09-09 14:18:03","B","Rosca direta com barra reta","2","15","10","","","kg",
"2025-09-09 14:18:03","B","Rosca direta com barra reta","3","15","8","","","kg",
"2025-09-09 14:18:03","B","Rosca direta com barra reta","4","15","9","","","kg",
"2025-09-09 14:18:03","B","Rosca alternada com halter","1","7","9","","","kg",
"2025-09-09 14:18:03","B","Rosca alternada com halter","2","7","9","","","kg",
"2025-09-09 14:18:03","B","Rosca alternada com halter","3","7","8","","","kg",
"2025-09-09 14:18:03","B","Rosca alternada com halter","4","7","9","","","kg",
"2025-09-11 14:30:20","C","Agachamento com barra","1","50","10","","","kg",
"2025-09-11 14:30:20","C","Agachamento com barra","2","50","10","","","kg",
"2025-09-11 14:30:20","C","Agachamento com barra","3","50","9","","","kg",
"2025-09-11 14:30:20","C","Agachamento com barra","4","50","9","","","kg",
"2025-09-11 14:30:20","C","Leg press","1","180","13","","","kg",
"2025-09-11 14:30:20","C","Leg press","2","180","13","","","kg",
"2025-09-11 14:30:20","C","Leg press","3","180","11","","","kg",
"2025-09-11 14:30:20","C","Leg press","4","180","11","","","kg",
"2025-09-11 14:30:20","C","Extensão de pernas","1","55","13","","","kg",
"2025-09-11 14:30:20","C","Extensão de pernas","2","55","12","","","kg",
"2025-09-11 14:30:20","C","Extensão de pernas","3","55","12","","","kg",
"2025-09-11 14:30:20","C","Extensão de pernas","4","55","11","","","kg",
"2025-09-11 14:30:20","C","Flexão de pernas deitado","1","55","13","","","kg",
"2025-09-11 14:30:20","C","Flexão de pernas deitado","2","55","12","","","kg",
"2025-09-11 14:30:20","C","Flexão de pernas deitado","3","55","10","","","kg",
"2025-09-11 14:30:20","C","Flexão de pernas deitado","4","55","9","","","kg",
"2025-09-11 14:30:20","C","Panturrilha no leg press","1","7","16","","","kg",
"2025-09-11 14:30:20","C","Panturrilha no leg press","2","8","15","","","kg",
"2025-09-11 14:30:20","C","Panturrilha no leg press","3","8","15","","","kg",
"2025-09-11 14:30:20","C","Panturrilha no leg press","4","8","14","","","kg",
"2025-09-15 14:46:34","A","Supino reto com halteres","1","18","16","","","kg",
"2025-09-15 14:46:34","A","Supino reto com halteres","2","18","15","","","kg",
"2025-09-15 14:46:34","A","Supino reto com halteres","3","18","13","","","kg",
"2025-09-15 14:46:34","A","Supino reto com halteres","4","18","12","","","kg",
"2025-09-15 14:46:34","A","Supino inclinado com halteres","1","14","9","","","kg",
"2025-09-15 14:46:34","A","Supino inclinado com halteres","2","14","9","","","kg",
"2025-09-15 14:46:34","A","Supino inclinado com halteres","3","14","10","","","kg",
"2025-09-15 14:46:34","A","Supino inclinado com halteres","4","14","9","","","kg",
"2025-09-15 14:46:34","A","Crucifixo na máquina","1","9","12","","","kg",
"2025-09-15 14:46:34","A","Crucifixo na máquina","2","9","10","","","kg",
"2025-09-15 14:46:34","A","Crucifixo na máquina","3","9","9","","","kg",
"2025-09-15 14:46:34","A","Crucifixo na máquina","4","9","9","","","kg",
"2025-09-15 14:46:34","A","Elevação frontal com halteres","1","7","11","","","kg",
"2025-09-15 14:46:34","A","Elevação frontal com halteres","2","7","11","","","kg",
"2025-09-15 14:46:34","A","Elevação frontal com halteres","3","7","11","","","kg",
"2025-09-15 14:46:34","A","Elevação frontal com halteres","4","7","11","","","kg",
"2025-09-15 14:46:34","A","Mergulho de tríceps assistido","1","0","5","","","kg",
"2025-09-15 14:46:34","A","Mergulho de tríceps assistido","2","0","5","","","kg",
"2025-09-15 14:46:34","A","Mergulho de tríceps assistido","3","0","5","","","kg",
"2025-09-15 14:46:34","A","Mergulho de tríceps assistido","4","0","4","","","kg",
"2025-09-15 14:46:34","A","Tríceps pulley na polia alta","1","7","9","","","kg",
"2025-09-15 14:46:34","A","Tríceps pulley na polia alta","2","6","12","","","kg",
"2025-09-15 14:46:34","A","Tríceps pulley na polia alta","3","6","10","","","kg",
"2025-09-15 14:46:34","A","Tríceps pulley na polia alta","4","6","9","","","kg",
"2025-09-16 14:43:35","B","Puxada aberta frontal","1","11","13","","","kg",
"2025-09-16 14:43:35","B","Puxada aberta frontal","2","11","12","","","kg",
"2025-09-16 14:43:35","B","Puxada aberta frontal","3","11","11","","","kg",
"2025-09-16 14:43:35","B","Puxada aberta frontal","4","11","10","","","kg",
"2025-09-16 14:43:35","B","Remada na polia sentado","1","10","12","","","kg",
"2025-09-16 14:43:35","B","Remada na polia sentado","2","10","12","","","kg",
"2025-09-16 14:43:35","B","Remada na polia sentado","3","10","11","","","kg",
"2025-09-16 14:43:35","B","Remada na polia sentado","4","10","11","","","kg",
"2025-09-16 14:43:35","B","Puxada pela frente neutra","1","10","10","","","kg",
"2025-09-16 14:43:35","B","Puxada pela frente neutra","2","10","9","","","kg",
"2025-09-16 14:43:35","B","Puxada pela frente neutra","3","10","9","","","kg",
"2025-09-16 14:43:35","B","Puxada pela frente neutra","4","10","8","","","kg",
"2025-09-16 14:43:35","B","Elevação lateral com halteres","1","9","10","","","kg",
"2025-09-16 14:43:35","B","Elevação lateral com halteres","2","9","9","","","kg",
"2025-09-16 14:43:35","B","Elevação lateral com halteres","3","9","9","","","kg",
"2025-09-16 14:43:35","B","Elevação lateral com halteres","4","9","8","","","kg",
"2025-09-16 14:43:35","B","Rosca direta com barra reta","1","15","12","","","kg",
"2025-09-16 14:43:35","B","Rosca direta com barra reta","2","15","11","","","kg",
"2025-09-16 14:43:35","B","Rosca direta com barra reta","3","15","10","","","kg",
"2025-09-16 14:43:35","B","Rosca direta com barra reta","4","15","9","","","kg",
"2025-09-16 14:43:35","B","Rosca alternada com halter","1","7","9","","","kg",
"2025-09-16 14:43:35","B","Rosca alternada com halter","2","7","9","","","kg",
"2025-09-16 14:43:35","B","Rosca alternada com halter","3","7","8","","","kg",
"2025-09-16 14:43:35","B","Rosca alternada com halter","4","7","9","","","kg",
"2025-09-17 14:49:47","C","Agachamento com barra","1","50","12","","","kg",
"2025-09-17 14:49:47","C","Agachamento com barra","2","50","11","","","kg",
"2025-09-17 14:49:47","C","Agachamento com barra","3","50","10","","","kg",
"2025-09-17 14:49:47","C","Agachamento com barra","4","50","10","","","kg",
"2025-09-17 14:49:47","C","Leg press","1","180","11","","","kg",
"2025-09-17 14:49:47","C","Leg press","2","180","10","","","kg",
"2025-09-17 14:49:47","C","Leg press","3","180","9","","","kg",
"2025-09-17 14:49:47","C","Leg press","4","180","8","","","kg",
"2025-09-17 14:49:47","C","Extensão de pernas","1","55","14","","","kg",
"2025-09-17 14:49:47","C","Extensão de pernas","2","65","13","","","kg",
"2025-09-17 14:49:47","C","Extensão de pernas","3","65","13","","","kg",
"2025-09-17 14:49:47","C","Extensão de pernas","4","65","12","","","kg",
"2025-09-17 14:49:47","C","Flexão de pernas deitado","1","55","11","","","kg",
"2025-09-17 14:49:47","C","Flexão de pernas deitado","2","55","11","","","kg",
"2025-09-17 14:49:47","C","Flexão de pernas deitado","3","55","10","","","kg",
"2025-09-17 14:49:47","C","Flexão de pernas deitado","4","55","9","","","kg",
"2025-09-17 14:49:47","C","Panturrilha no leg press","1","8","16","","","kg",
"2025-09-17 14:49:47","C","Panturrilha no leg press","2","8","15","","","kg",
"2025-09-17 14:49:47","C","Panturrilha no leg press","3","8","15","","","kg",
"2025-09-17 14:49:47","C","Panturrilha no leg press","4","8","14","","","kg",
"2025-09-18 14:26:00","A","Supino reto com halteres","1","18","10","","","kg",
"2025-09-18 14:26:00","A","Supino reto com halteres","2","18","9","","","kg",
"2025-09-18 14:26:00","A","Supino reto com halteres","3","18","8","","","kg",
"2025-09-18 14:26:00","A","Supino reto com halteres","4","18","8","","","kg",
"2025-09-18 14:26:00","A","Supino inclinado com halteres","1","14","12","","","kg",
"2025-09-18 14:26:00","A","Supino inclinado com halteres","2","14","12","","","kg",
"2025-09-18 14:26:00","A","Supino inclinado com halteres","3","14","11","","","kg",
"2025-09-18 14:26:00","A","Supino inclinado com halteres","4","14","10","","","kg",
"2025-09-18 14:26:00","A","Crucifixo na máquina","1","9","15","","","kg",
"2025-09-18 14:26:00","A","Crucifixo na máquina","2","10","13","","","kg",
"2025-09-18 14:26:00","A","Crucifixo na máquina","3","10","12","","","kg",
"2025-09-18 14:26:00","A","Crucifixo na máquina","4","10","11","","","kg",
"2025-09-18 14:26:00","A","Elevação frontal com halteres","1","7","11","","","kg",
"2025-09-18 14:26:00","A","Elevação frontal com halteres","2","7","10","","","kg",
"2025-09-18 14:26:00","A","Elevação frontal com halteres","3","7","10","","","kg",
"2025-09-18 14:26:00","A","Elevação frontal com halteres","4","7","10","","","kg",
"2025-09-18 14:26:00","A","Mergulho de tríceps assistido","1","0","7","","","kg",
"2025-09-18 14:26:00","A","Mergulho de tríceps assistido","2","0","6","","","kg",
"2025-09-18 14:26:00","A","Mergulho de tríceps assistido","3","0","6","","","kg",
"2025-09-18 14:26:00","A","Mergulho de tríceps assistido","4","0","5","","","kg",
"2025-09-18 14:26:00","A","Tríceps pulley na polia alta","1","6","13","","","kg",
"2025-09-18 14:26:00","A","Tríceps pulley na polia alta","2","6","12","","","kg",
"2025-09-18 14:26:00","A","Tríceps pulley na polia alta","3","6","11","","","kg",
"2025-09-18 14:26:00","A","Tríceps pulley na polia alta","4","6","10","","","kg",
"2025-09-22 14:37:13","A","Supino reto com halteres","1","18","16","","","kg",
"2025-09-22 14:37:13","A","Supino reto com halteres","2","18","16","","","kg",
"2025-09-22 14:37:13","A","Supino reto com halteres","3","20","11","","","kg",
"2025-09-22 14:37:13","A","Supino reto com halteres","4","20","10","","","kg",
"2025-09-22 14:37:13","A","Supino inclinado com halteres","1","14","10","","","kg",
"2025-09-22 14:37:13","A","Supino inclinado com halteres","2","14","9","","","kg",
"2025-09-22 14:37:13","A","Supino inclinado com halteres","3","14","9","","","kg",
"2025-09-22 14:37:13","A","Supino inclinado com halteres","4","14","9","","","kg",
"2025-09-22 14:37:13","A","Crucifixo na máquina","1","10","11","","","kg",
"2025-09-22 14:37:13","A","Crucifixo na máquina","2","10","10","","","kg",
"2025-09-22 14:37:13","A","Crucifixo na máquina","3","10","9","","","kg",
"2025-09-22 14:37:13","A","Crucifixo na máquina","4","9","9","","","kg",
"2025-09-22 14:37:13","A","Elevação frontal com halteres","1","7","12","","","kg",
"2025-09-22 14:37:13","A","Elevação frontal com halteres","2","7","11","","","kg",
"2025-09-22 14:37:13","A","Elevação frontal com halteres","3","7","11","","","kg",
"2025-09-22 14:37:13","A","Elevação frontal com halteres","4","7","10","","","kg",
"2025-09-22 14:37:13","A","Mergulho de tríceps assistido","1","0","8","","","kg",
"2025-09-22 14:37:13","A","Mergulho de tríceps assistido","2","0","7","","","kg",
"2025-09-22 14:37:13","A","Mergulho de tríceps assistido","3","0","6","","","kg",
"2025-09-22 14:37:13","A","Mergulho de tríceps assistido","4","0","4","","","kg",
"2025-09-22 14:37:13","A","Tríceps pulley na polia alta","1","6","13","","","kg",
"2025-09-22 14:37:13","A","Tríceps pulley na polia alta","2","6","12","","","kg",
"2025-09-22 14:37:13","A","Tríceps pulley na polia alta","3","6","11","","","kg",
"2025-09-22 14:37:13","A","Tríceps pulley na polia alta","4","6","10","","","kg",
"2025-09-23 14:39:35","B","Puxada aberta frontal","1","11","14","","","kg",
"2025-09-23 14:39:35","B","Puxada aberta frontal","2","11","12","","","kg",
"2025-09-23 14:39:35","B","Puxada aberta frontal","3","11","11","","","kg",
"2025-09-23 14:39:35","B","Puxada aberta frontal","4","11","10","","","kg",
"2025-09-23 14:39:35","B","Remada na polia sentado","1","10","12","","","kg",
"2025-09-23 14:39:35","B","Remada na polia sentado","2","10","12","","","kg",
"2025-09-23 14:39:35","B","Remada na polia sentado","3","10","12","","","kg",
"2025-09-23 14:39:35","B","Remada na polia sentado","4","10","11","","","kg",
"2025-09-23 14:39:35","B","Puxada pela frente neutra","1","10","10","","","kg",
"2025-09-23 14:39:35","B","Puxada pela frente neutra","2","10","9","","","kg",
"2025-09-23 14:39:35","B","Puxada pela frente neutra","3","10","8","","","kg",
"2025-09-23 14:39:35","B","Puxada pela frente neutra","4","10","9","","","kg",
"2025-09-23 14:39:35","B","Elevação lateral com halteres","1","9","11","","","kg",
"2025-09-23 14:39:35","B","Elevação lateral com halteres","2","9","10","","","kg",
"2025-09-23 14:39:35","B","Elevação lateral com halteres","3","9","9","","","kg",
"2025-09-23 14:39:35","B","Elevação lateral com halteres","4","7","10","","","kg",
"2025-09-23 14:39:35","B","Rosca direta com barra reta","1","15","13","","","kg",
"2025-09-23 14:39:35","B","Rosca direta com barra reta","2","15","12","","","kg",
"2025-09-23 14:39:35","B","Rosca direta com barra reta","3","15","11","","","kg",
"2025-09-23 14:39:35","B","Rosca direta com barra reta","4","15","10","","","kg",
"2025-09-23 14:39:35","B","Rosca alternada com halter","1","7","10","","","kg",
"2025-09-23 14:39:35","B","Rosca alternada com halter","2","7","9","","","kg",
"2025-09-23 14:39:35","B","Rosca alternada com halter","3","7","9","","","kg",
"2025-09-23 14:39:35","B","Rosca alternada com halter","4","7","9","","","kg",
"2025-09-24 14:37:25","C","Agachamento com barra","1","50","12","","","kg",
"2025-09-24 14:37:25","C","Agachamento com barra","2","50","12","","","kg",
"2025-09-24 14:37:25","C","Agachamento com barra","3","50","12","","","kg",
"2025-09-24 14:37:25","C","Agachamento com barra","4","50","12","","","kg",
"2025-09-24 14:37:25","C","Leg press","1","160","14","","","kg",
"2025-09-24 14:37:25","C","Leg press","2","180","11","","","kg",
"2025-09-24 14:37:25","C","Leg press","3","180","10","","","kg",
"2025-09-24 14:37:25","C","Leg press","4","180","10","","","kg",
"2025-09-24 14:37:25","C","Extensão de pernas","1","55","14","","","kg",
"2025-09-24 14:37:25","C","Extensão de pernas","2","65","12","","","kg",
"2025-09-24 14:37:25","C","Extensão de pernas","3","65","10","","","kg",
"2025-09-24 14:37:25","C","Extensão de pernas","4","65","10","","","kg",
"2025-09-24 14:37:25","C","Flexão de pernas deitado","1","55","12","","","kg",
"2025-09-24 14:37:25","C","Flexão de pernas deitado","2","55","11","","","kg",
"2025-09-24 14:37:25","C","Flexão de pernas deitado","3","55","10","","","kg",
"2025-09-24 14:37:25","C","Flexão de pernas deitado","4","55","9","","","kg",
"2025-09-24 14:37:25","C","Panturrilha no leg press","1","8","16","","","kg",
"2025-09-24 14:37:25","C","Panturrilha no leg press","2","8","15","","","kg",
"2025-09-24 14:37:25","C","Panturrilha no leg press","3","8","14","","","kg",
"2025-09-24 14:37:25","C","Panturrilha no leg press","4","8","14","","","kg",
"2025-09-25 15:29:16","A","Supino reto com halteres","1","18","10","","","kg",
"2025-09-25 15:29:16","A","Supino reto com halteres","2","18","10","","","kg",
"2025-09-25 15:29:16","A","Supino reto com halteres","3","18","9","","","kg",
"2025-09-25 15:29:16","A","Supino reto com halteres","4","18","8","","","kg",
"2025-09-25 15:29:16","A","Supino inclinado com halteres","1","14","13","","","kg",
"2025-09-25 15:29:16","A","Supino inclinado com halteres","2","14","12","","","kg",
"2025-09-25 15:29:16","A","Supino inclinado com halteres","3","14","12","","","kg",
"2025-09-25 15:29:16","A","Supino inclinado com halteres","4","14","11","","","kg",
"2025-09-25 15:29:16","A","Crucifixo na máquina","1","10","14","","","kg",
"2025-09-25 15:29:16","A","Crucifixo na máquina","2","10","14","","","kg",
"2025-09-25 15:29:16","A","Crucifixo na máquina","3","10","12","","","kg",
"2025-09-25 15:29:16","A","Crucifixo na máquina","4","10","11","","","kg",
"2025-09-25 15:29:16","A","Elevação frontal com halteres","1","7","11","","","kg",
"2025-09-25 15:29:16","A","Elevação frontal com halteres","2","7","10","","","kg",
"2025-09-25 15:29:16","A","Elevação frontal com halteres","3","7","10","","","kg",
"2025-09-25 15:29:16","A","Elevação frontal com halteres","4","7","10","","","kg",
"2025-09-25 15:29:16","A","Mergulho de tríceps assistido","1","0","8","","","kg",
"2025-09-25 15:29:16","A","Mergulho de tríceps assistido","2","0","7","","","kg",
"2025-09-25 15:29:16","A","Mergulho de tríceps assistido","3","0","6","","","kg",
"2025-09-25 15:29:16","A","Mergulho de tríceps assistido","4","0","6","","","kg",
"2025-09-25 15:29:16","A","Tríceps pulley na polia alta","1","6","13","","","kg",
"2025-09-25 15:29:16","A","Tríceps pulley na polia alta","2","6","11","","","kg",
"2025-09-25 15:29:16","A","Tríceps pulley na polia alta","3","6","10","","","kg",
"2025-09-25 15:29:16","A","Tríceps pulley na polia alta","4","6","9","","","kg",
"2025-09-29 14:47:23","A","Supino reto com halteres","1","18","16","","","kg",
"2025-09-29 14:47:23","A","Supino reto com halteres","2","20","14","","","kg",
"2025-09-29 14:47:23","A","Supino reto com halteres","3","20","12","","","kg",
"2025-09-29 14:47:23","A","Supino reto com halteres","4","20","10","","","kg",
"2025-09-29 14:47:23","A","Supino inclinado com halteres","1","14","12","","","kg",
"2025-09-29 14:47:23","A","Supino inclinado com halteres","2","14","11","","","kg",
"2025-09-29 14:47:23","A","Supino inclinado com halteres","3","14","11","","","kg",
"2025-09-29 14:47:23","A","Supino inclinado com halteres","4","14","11","","","kg",
"2025-09-29 14:47:23","A","Crucifixo na máquina","1","10","13","","","kg",
"2025-09-29 14:47:23","A","Crucifixo na máquina","2","10","11","","","kg",
"2025-09-29 14:47:23","A","Crucifixo na máquina","3","10","11","","","kg",
"2025-09-29 14:47:23","A","Crucifixo na máquina","4","10","10","","","kg",
"2025-09-29 14:47:23","A","Elevação frontal com halteres","1","7","11","","","kg",
"2025-09-29 14:47:23","A","Elevação frontal com halteres","2","7","11","","","kg",
"2025-09-29 14:47:23","A","Elevação frontal com halteres","3","7","10","","","kg",
"2025-09-29 14:47:23","A","Elevação frontal com halteres","4","7","10","","","kg",
"2025-09-29 14:47:23","A","Mergulho de tríceps assistido","1","0","6","","","kg",
"2025-09-29 14:47:23","A","Mergulho de tríceps assistido","2","0","6","","","kg",
"2025-09-29 14:47:23","A","Mergulho de tríceps assistido","3","0","5","","","kg",
"2025-09-29 14:47:23","A","Mergulho de tríceps assistido","4","0","5","","","kg",
"2025-09-29 14:47:23","A","Tríceps pulley na polia alta","1","6","13","","","kg",
"2025-09-29 14:47:23","A","Tríceps pulley na polia alta","2","6","11","","","kg",
"2025-09-29 14:47:23","A","Tríceps pulley na polia alta","3","6","10","","","kg",
"2025-09-29 14:47:23","A","Tríceps pulley na polia alta","4","6","9","","","kg",
"2025-10-01 14:41:42","B","Puxada aberta frontal","1","11","15","","","kg",
"2025-10-01 14:41:42","B","Puxada aberta frontal","2","11","14","","","kg",
"2025-10-01 14:41:42","B","Puxada aberta frontal","3","11","13","","","kg",
"2025-10-01 14:41:42","B","Puxada aberta frontal","4","11","11","","","kg",
"2025-10-01 14:41:42","B","Remada na polia sentado","1","10","12","","","kg",
"2025-10-01 14:41:42","B","Remada na polia sentado","2","10","12","","","kg",
"2025-10-01 14:41:42","B","Remada na polia sentado","3","11","11","","","kg",
"2025-10-01 14:41:42","B","Remada na polia sentado","4","11","11","","","kg",
"2025-10-01 14:41:42","B","Puxada pela frente neutra","1","10","11","","","kg",
"2025-10-01 14:41:42","B","Puxada pela frente neutra","2","10","10","","","kg",
"2025-10-01 14:41:42","B","Puxada pela frente neutra","3","10","9","","","kg",
"2025-10-01 14:41:42","B","Puxada pela frente neutra","4","10","9","","","kg",
"2025-10-01 14:41:42","B","Elevação lateral com halteres","1","7","13","","","kg",
"2025-10-01 14:41:42","B","Elevação lateral com halteres","2","7","12","","","kg",
"2025-10-01 14:41:42","B","Elevação lateral com halteres","3","7","11","","","kg",
"2025-10-01 14:41:42","B","Elevação lateral com halteres","4","7","10","","","kg",
"2025-10-01 14:41:42","B","Rosca direta com barra reta","1","15","13","","","kg",
"2025-10-01 14:41:42","B","Rosca direta com barra reta","2","15","12","","","kg",
"2025-10-01 14:41:42","B","Rosca direta com barra reta","3","15","11","","","kg",
"2025-10-01 14:41:42","B","Rosca direta com barra reta","4","15","10","","","kg",
"2025-10-01 14:41:42","B","Rosca alternada com halter","1","7","10","","","kg",
"2025-10-01 14:41:42","B","Rosca alternada com halter","2","7","9","","","kg",
"2025-10-01 14:41:42","B","Rosca alternada com halter","3","7","9","","","kg",
"2025-10-01 14:41:42","B","Rosca alternada com halter","4","7","9","","","kg",
"2025-10-06 14:55:57","A","Supino reto com halteres","1","18","17","","","kg",
"2025-10-06 14:55:57","A","Supino reto com halteres","2","20","14","","","kg",
"2025-10-06 14:55:57","A","Supino reto com halteres","3","20","13","","","kg",
"2025-10-06 14:55:57","A","Supino reto com halteres","4","20","11","","","kg",
"2025-10-06 14:55:57","A","Supino inclinado com halteres","1","14","11","","","kg",
"2025-10-06 14:55:57","A","Supino inclinado com halteres","2","14","11","","","kg",
"2025-10-06 14:55:57","A","Supino inclinado com halteres","3","14","10","","","kg",
"2025-10-06 14:55:57","A","Supino inclinado com halteres","4","14","9","","","kg",
"2025-10-06 14:55:57","A","Crucifixo na máquina","1","10","12","","","kg",
"2025-10-06 14:55:57","A","Crucifixo na máquina","2","10","10","","","kg",
"2025-10-06 14:55:57","A","Crucifixo na máquina","3","10","10","","","kg",
"2025-10-06 14:55:57","A","Crucifixo na máquina","4","9","10","","","kg",
"2025-10-06 14:55:57","A","Elevação frontal com halteres","1","7","12","","","kg",
"2025-10-06 14:55:57","A","Elevação frontal com halteres","2","7","11","","","kg",
"2025-10-06 14:55:57","A","Elevação frontal com halteres","3","7","10","","","kg",
"2025-10-06 14:55:57","A","Elevação frontal com halteres","4","7","9","","","kg",
"2025-10-06 14:55:57","A","Mergulho de tríceps assistido","1","0","5","","","kg",
"2025-10-06 14:55:57","A","Mergulho de tríceps assistido","2","0","5","","","kg",
"2025-10-06 14:55:57","A","Mergulho de tríceps assistido","3","0","4","","","kg",
"2025-10-06 14:55:57","A","Mergulho de tríceps assistido","4","0","4","","","kg",
"2025-10-06 14:55:57","A","Tríceps pulley na polia alta","1","6","12","","","kg",
"2025-10-06 14:55:57","A","Tríceps pulley na polia alta","2","6","11","","","kg",
"2025-10-06 14:55:57","A","Tríceps pulley na polia alta","3","6","10","","","kg",
"2025-10-06 14:55:57","A","Tríceps pulley na polia alta","4","6","9","","","kg",
"2025-10-07 14:24:14","B","Puxada aberta frontal","1","11","16","","","kg",
"2025-10-07 14:24:14","B","Puxada aberta frontal","2","11","15","","","kg",
"2025-10-07 14:24:14","B","Puxada aberta frontal","3","11","13","","","kg",
"2025-10-07 14:24:14","B","Puxada aberta frontal","4","11","11","","","kg",
"2025-10-07 14:24:14","B","Remada na polia sentado","1","11","12","","","kg",
"2025-10-07 14:24:14","B","Remada na polia sentado","2","11","11","","","kg",
"2025-10-07 14:24:14","B","Remada na polia sentado","3","11","10","","","kg",
"2025-10-07 14:24:14","B","Remada na polia sentado","4","11","10","","","kg",
"2025-10-07 14:24:14","B","Puxada pela frente neutra","1","10","10","","","kg",
"2025-10-07 14:24:14","B","Puxada pela frente neutra","2","10","10","","","kg",
"2025-10-07 14:24:14","B","Puxada pela frente neutra","3","10","9","","","kg",
"2025-10-07 14:24:14","B","Puxada pela frente neutra","4","10","8","","","kg",
"2025-10-07 14:24:14","B","Elevação lateral com halteres","1","7","13","","","kg",
"2025-10-07 14:24:14","B","Elevação lateral com halteres","2","7","12","","","kg",
"2025-10-07 14:24:14","B","Elevação lateral com halteres","3","7","11","","","kg",
"2025-10-07 14:24:14","B","Elevação lateral com halteres","4","7","10","","","kg",
"2025-10-07 14:24:14","B","Rosca direta com barra reta","1","15","12","","","kg",
"2025-10-07 14:24:14","B","Rosca direta com barra reta","2","15","11","","","kg",
"2025-10-07 14:24:14","B","Rosca direta com barra reta","3","15","10","","","kg",
"2025-10-07 14:24:14","B","Rosca direta com barra reta","4","15","9","","","kg",
"2025-10-07 14:24:14","B","Rosca alternada com halter","1","7","10","","","kg",
"2025-10-07 14:24:14","B","Rosca alternada com halter","2","7","9","","","kg",
"2025-10-07 14:24:14","B","Rosca alternada com halter","3","7","8","","","kg",
"2025-10-07 14:24:14","B","Rosca alternada com halter","4","7","7","","","kg",
"2025-10-08 14:27:23","C","Agachamento com barra","1","60","10","","","kg",
"2025-10-08 14:27:23","C","Agachamento com barra","2","60","10","","","kg",
"2025-10-08 14:27:23","C","Agachamento com barra","3","60","9","","","kg",
"2025-10-08 14:27:23","C","Agachamento com barra","4","60","8","","","kg",
"2025-10-08 14:27:23","C","Leg press","1","160","12","","","kg",
"2025-10-08 14:27:23","C","Leg press","2","160","10","","","kg",
"2025-10-08 14:27:23","C","Leg press","3","160","10","","","kg",
"2025-10-08 14:27:23","C","Leg press","4","160","9","","","kg",
"2025-10-08 14:27:23","C","Extensão de pernas","1","65","13","","","kg",
"2025-10-08 14:27:23","C","Extensão de pernas","2","65","13","","","kg",
"2025-10-08 14:27:23","C","Extensão de pernas","3","65","12","","","kg",
"2025-10-08 14:27:23","C","Extensão de pernas","4","65","10","","","kg",
"2025-10-08 14:27:23","C","Flexão de pernas deitado","1","55","12","","","kg",
"2025-10-08 14:27:23","C","Flexão de pernas deitado","2","55","11","","","kg",
"2025-10-08 14:27:23","C","Flexão de pernas deitado","3","55","11","","","kg",
"2025-10-08 14:27:23","C","Flexão de pernas deitado","4","55","10","","","kg",
"2025-10-08 14:27:23","C","Panturrilha no leg press","1","8","16","","","kg",
"2025-10-08 14:27:23","C","Panturrilha no leg press","2","8","15","","","kg",
"2025-10-08 14:27:23","C","Panturrilha no leg press","3","8","15","","","kg",
"2025-10-08 14:27:23","C","Panturrilha no leg press","4","8","15","","","kg",
"2025-10-14 14:50:39","A","Supino reto com halteres","1","18","18","","","kg",
"2025-10-14 14:50:39","A","Supino reto com halteres","2","20","12","","","kg",
"2025-10-14 14:50:39","A","Supino reto com halteres","3","20","11","","","kg",
"2025-10-14 14:50:39","A","Supino reto com halteres","4","20","10","","","kg",
"2025-10-14 14:50:39","A","Supino inclinado com halteres","1","14","9","","","kg",
"2025-10-14 14:50:39","A","Supino inclinado com halteres","2","14","9","","","kg",
"2025-10-14 14:50:39","A","Supino inclinado com halteres","3","14","9","","","kg",
"2025-10-14 14:50:39","A","Supino inclinado com halteres","4","14","8","","","kg",
"2025-10-14 14:50:39","A","Crucifixo na máquina","1","10","11","","","kg",
"2025-10-14 14:50:39","A","Crucifixo na máquina","2","10","10","","","kg",
"2025-10-14 14:50:39","A","Crucifixo na máquina","3","9","9","","","kg",
"2025-10-14 14:50:39","A","Crucifixo na máquina","4","9","8","","","kg",
"2025-10-14 14:50:39","A","Elevação frontal com halteres","1","7","12","","","kg",
"2025-10-14 14:50:39","A","Elevação frontal com halteres","2","7","11","","","kg",
"2025-10-14 14:50:39","A","Elevação frontal com halteres","3","7","10","","","kg",
"2025-10-14 14:50:39","A","Elevação frontal com halteres","4","7","10","","","kg",
"2025-10-14 14:50:39","A","Mergulho de tríceps assistido","1","0","6","","","kg",
"2025-10-14 14:50:39","A","Mergulho de tríceps assistido","2","0","5","","","kg",
"2025-10-14 14:50:39","A","Mergulho de tríceps assistido","3","0","5","","","kg",
"2025-10-14 14:50:39","A","Mergulho de tríceps assistido","4","0","4","","","kg",
"2025-10-14 14:50:39","A","Tríceps pulley na polia alta","1","6","12","","","kg",
"2025-10-14 14:50:39","A","Tríceps pulley na polia alta","2","6","11","","","kg",
"2025-10-14 14:50:39","A","Tríceps pulley na polia alta","3","6","9","","","kg",
"2025-10-14 14:50:39","A","Tríceps pulley na polia alta","4","6","8","","","kg",
"2025-10-16 15:01:26","B","Puxada aberta frontal","1","11","14","","","kg",
"2025-10-16 15:01:26","B","Puxada aberta frontal","2","11","15","","","kg",
"2025-10-16 15:01:26","B","Puxada aberta frontal","3","11","12","","","kg",
"2025-10-16 15:01:26","B","Puxada aberta frontal","4","11","12","","","kg",
"2025-10-16 15:01:26","B","Remada na polia sentado","1","11","11","","","kg",
"2025-10-16 15:01:26","B","Remada na polia sentado","2","11","10","","","kg",
"2025-10-16 15:01:26","B","Remada na polia sentado","3","11","10","","","kg",
"2025-10-16 15:01:26","B","Remada na polia sentado","4","11","9","","","kg",
"2025-10-16 15:01:26","B","Puxada pela frente neutra","1","10","10","","","kg",
"2025-10-16 15:01:26","B","Puxada pela frente neutra","2","10","10","","","kg",
"2025-10-16 15:01:26","B","Puxada pela frente neutra","3","10","9","","","kg",
"2025-10-16 15:01:26","B","Puxada pela frente neutra","4","10","9","","","kg",
"2025-10-16 15:01:26","B","Elevação lateral com halteres","1","7","13","","","kg",
"2025-10-16 15:01:26","B","Elevação lateral com halteres","2","7","12","","","kg",
"2025-10-16 15:01:26","B","Elevação lateral com halteres","3","7","11","","","kg",
"2025-10-16 15:01:26","B","Elevação lateral com halteres","4","7","10","","","kg",
"2025-10-16 15:01:26","B","Rosca direta com barra reta","1","15","13","","","kg",
"2025-10-16 15:01:26","B","Rosca direta com barra reta","2","15","11","","","kg",
"2025-10-16 15:01:26","B","Rosca direta com barra reta","3","15","10","","","kg",
"2025-10-16 15:01:26","B","Rosca direta com barra reta","4","15","9","","","kg",
"2025-10-16 15:01:26","B","Rosca alternada com halter","1","7","9","","","kg",
"2025-10-16 15:01:26","B","Rosca alternada com halter","2","7","8","","","kg",
"2025-10-16 15:01:26","B","Rosca alternada com halter","3","7","8","","","kg",
"2025-10-16 15:01:26","B","Rosca alternada com halter","4","7","8","","","kg",
"2025-10-20 14:43:24","A","Supino reto com halteres","1","20","17","","","kg",
"2025-10-20 14:43:24","A","Supino reto com halteres","2","20","12","","","kg",
"2025-10-20 14:43:24","A","Supino reto com halteres","3","20","11","","","kg",
"2025-10-20 14:43:24","A","Supino reto com halteres","4","20","10","","","kg",
"2025-10-20 14:43:24","A","Supino inclinado com halteres","1","14","8","","","kg",
"2025-10-20 14:43:24","A","Supino inclinado com halteres","2","14","8","","","kg",
"2025-10-20 14:43:24","A","Supino inclinado com halteres","3","14","8","","","kg",
"2025-10-20 14:43:24","A","Supino inclinado com halteres","4","14","9","","","kg",
"2025-10-20 14:43:24","A","Crucifixo na máquina","1","10","11","","","kg",
"2025-10-20 14:43:24","A","Crucifixo na máquina","2","10","10","","","kg",
"2025-10-20 14:43:24","A","Crucifixo na máquina","3","10","8","","","kg",
"2025-10-20 14:43:24","A","Crucifixo na máquina","4","10","8","","","kg",
"2025-10-20 14:43:24","A","Elevação frontal com halteres","1","7","12","","","kg",
"2025-10-20 14:43:24","A","Elevação frontal com halteres","2","7","11","","","kg",
"2025-10-20 14:43:24","A","Elevação frontal com halteres","3","7","10","","","kg",
"2025-10-20 14:43:24","A","Elevação frontal com halteres","4","7","10","","","kg",
"2025-10-20 14:43:24","A","Mergulho de tríceps assistido","1","0","7","","","kg",
"2025-10-20 14:43:24","A","Mergulho de tríceps assistido","2","0","6","","","kg",
"2025-10-20 14:43:24","A","Mergulho de tríceps assistido","3","0","5","","","kg",
"2025-10-20 14:43:24","A","Mergulho de tríceps assistido","4","0","5","","","kg",
"2025-10-20 14:43:24","A","Tríceps pulley na polia alta","1","6","12","","","kg",
"2025-10-20 14:43:24","A","Tríceps pulley na polia alta","2","6","11","","","kg",
"2025-10-20 14:43:24","A","Tríceps pulley na polia alta","3","6","9","","","kg",
"2025-10-20 14:43:24","A","Tríceps pulley na polia alta","4","6","9","","","kg",
"2025-10-21 14:41:27","B","Puxada aberta frontal","1","11","15","","","kg",
"2025-10-21 14:41:27","B","Puxada aberta frontal","2","11","14","","","kg",
"2025-10-21 14:41:27","B","Puxada aberta frontal","3","11","13","","","kg",
"2025-10-21 14:41:27","B","Puxada aberta frontal","4","11","12","","","kg",
"2025-10-21 14:41:27","B","Remada na polia sentado","1","11","11","","","kg",
"2025-10-21 14:41:27","B","Remada na polia sentado","2","11","10","","","kg",
"2025-10-21 14:41:27","B","Remada na polia sentado","3","11","9","","","kg",
"2025-10-21 14:41:27","B","Remada na polia sentado","4","11","9","","","kg",
"2025-10-21 14:41:27","B","Puxada pela frente neutra","1","10","12","","","kg",
"2025-10-21 14:41:27","B","Puxada pela frente neutra","2","10","11","","","kg",
"2025-10-21 14:41:27","B","Puxada pela frente neutra","3","10","10","","","kg",
"2025-10-21 14:41:27","B","Puxada pela frente neutra","4","10","9","","","kg",
"2025-10-21 14:41:27","B","Elevação lateral com halteres","1","7","13","","","kg",
"2025-10-21 14:41:27","B","Elevação lateral com halteres","2","7","12","","","kg",
"2025-10-21 14:41:27","B","Elevação lateral com halteres","3","7","11","","","kg",
"2025-10-21 14:41:27","B","Elevação lateral com halteres","4","7","11","","","kg",
"2025-10-21 14:41:27","B","Rosca direta com barra reta","1","15","13","","","kg",
"2025-10-21 14:41:27","B","Rosca direta com barra reta","2","15","11","","","kg",
"2025-10-21 14:41:27","B","Rosca direta com barra reta","3","15","10","","","kg",
"2025-10-21 14:41:27","B","Rosca direta com barra reta","4","15","9","","","kg",
"2025-10-21 14:41:27","B","Rosca alternada com halter","1","9","6","","","kg",
"2025-10-21 14:41:27","B","Rosca alternada com halter","2","7","9","","","kg",
"2025-10-21 14:41:27","B","Rosca alternada com halter","3","7","8","","","kg",
"2025-10-21 14:41:27","B","Rosca alternada com halter","4","7","8","","","kg",
"2025-10-22 15:07:34","C","Agachamento com barra","1","60","6","","","kg",
"2025-10-22 15:07:34","C","Agachamento com barra","2","50","10","","","kg",
"2025-10-22 15:07:34","C","Agachamento com barra","3","50","10","","","kg",
"2025-10-22 15:07:34","C","Agachamento com barra","4","50","8","","","kg",
"2025-10-22 15:07:34","C","Leg press","1","160","14","","","kg",
"2025-10-22 15:07:34","C","Leg press","2","180","11","","","kg",
"2025-10-22 15:07:34","C","Leg press","3","180","10","","","kg",
"2025-10-22 15:07:34","C","Leg press","4","180","9","","","kg",
"2025-10-22 15:07:34","C","Extensão de pernas","1","65","13","","","kg",
"2025-10-22 15:07:34","C","Extensão de pernas","2","65","12","","","kg",
"2025-10-22 15:07:34","C","Extensão de pernas","3","65","11","","","kg",
"2025-10-22 15:07:34","C","Extensão de pernas","4","65","11","","","kg",
"2025-10-22 15:07:34","C","Flexão de pernas deitado","1","55","13","","","kg",
"2025-10-22 15:07:34","C","Flexão de pernas deitado","2","55","12","","","kg",
"2025-10-22 15:07:34","C","Flexão de pernas deitado","3","55","11","","","kg",
"2025-10-22 15:07:34","C","Flexão de pernas deitado","4","55","9","","","kg",
"2025-10-22 15:07:34","C","Panturrilha no leg press","1","8","17","","","kg",
"2025-10-22 15:07:34","C","Panturrilha no leg press","2","8","16","","","kg",
"2025-10-22 15:07:34","C","Panturrilha no leg press","3","8","15","","","kg",
"2025-10-22 15:07:34","C","Panturrilha no leg press","4","8","15","","","kg",
"2025-10-27 15:43:59","A","Supino reto com halteres","1","20","16","","","kg",
"2025-10-27 15:43:59","A","Supino reto com halteres","2","20","15","","","kg",
"2025-10-27 15:43:59","A","Supino reto com halteres","3","20","11","","","kg",
"2025-10-27 15:43:59","A","Supino reto com halteres","4","20","10","","","kg",
"2025-10-27 15:43:59","A","Supino inclinado com halteres","1","14","9","","","kg",
"2025-10-27 15:43:59","A","Supino inclinado com halteres","2","14","8","","","kg",
"2025-10-27 15:43:59","A","Supino inclinado com halteres","3","14","8","","","kg",
"2025-10-27 15:43:59","A","Supino inclinado com halteres","4","14","8","","","kg",
"2025-10-27 15:43:59","A","Crucifixo na máquina","1","10","11","","","kg",
"2025-10-27 15:43:59","A","Crucifixo na máquina","2","10","10","","","kg",
"2025-10-27 15:43:59","A","Crucifixo na máquina","3","10","8","","","kg",
"2025-10-27 15:43:59","A","Crucifixo na máquina","4","10","8","","","kg",
"2025-10-27 15:43:59","A","Elevação frontal com halteres","1","7","12","","","kg",
"2025-10-27 15:43:59","A","Elevação frontal com halteres","2","7","11","","","kg",
"2025-10-27 15:43:59","A","Elevação frontal com halteres","3","7","11","","","kg",
"2025-10-27 15:43:59","A","Elevação frontal com halteres","4","7","10","","","kg",
"2025-10-27 15:43:59","A","Mergulho de tríceps assistido","1","0","7","","","kg",
"2025-10-27 15:43:59","A","Mergulho de tríceps assistido","2","0","6","","","kg",
"2025-10-27 15:43:59","A","Mergulho de tríceps assistido","3","0","5","","","kg",
"2025-10-27 15:43:59","A","Mergulho de tríceps assistido","4","0","5","","","kg",
"2025-10-27 15:43:59","A","Tríceps pulley na polia alta","1","6","12","","","kg",
"2025-10-27 15:43:59","A","Tríceps pulley na polia alta","2","6","10","","","kg",
"2025-10-27 15:43:59","A","Tríceps pulley na polia alta","3","6","9","","","kg",
"2025-10-27 15:43:59","A","Tríceps pulley na polia alta","4","6","9","","","kg",
"2025-10-28 14:57:07","B","Puxada aberta frontal","1","11","14","","","kg",
"2025-10-28 14:57:07","B","Puxada aberta frontal","2","11","15","","","kg",
"2025-10-28 14:57:07","B","Puxada aberta frontal","3","11","13","","","kg",
"2025-10-28 14:57:07","B","Puxada aberta frontal","4","11","12","","","kg",
"2025-10-28 14:57:07","B","Remada na polia sentado","1","11","11","","","kg",
"2025-10-28 14:57:07","B","Remada na polia sentado","2","11","10","","","kg",
"2025-10-28 14:57:07","B","Remada na polia sentado","3","11","10","","","kg",
"2025-10-28 14:57:07","B","Remada na polia sentado","4","11","9","","","kg",
"2025-10-28 14:57:07","B","Puxada pela frente neutra","1","10","10","","","kg",
"2025-10-28 14:57:07","B","Puxada pela frente neutra","2","10","10","","","kg",
"2025-10-28 14:57:07","B","Puxada pela frente neutra","3","10","10","","","kg",
"2025-10-28 14:57:07","B","Puxada pela frente neutra","4","10","9","","","kg",
"2025-10-28 14:57:07","B","Elevação lateral com halteres","1","7","14","","","kg",
"2025-10-28 14:57:07","B","Elevação lateral com halteres","2","7","13","","","kg",
"2025-10-28 14:57:07","B","Elevação lateral com halteres","3","7","12","","","kg",
"2025-10-28 14:57:07","B","Elevação lateral com halteres","4","7","11","","","kg",
"2025-10-28 14:57:07","B","Rosca direta com barra reta","1","15","13","","","kg",
"2025-10-28 14:57:07","B","Rosca direta com barra reta","2","15","11","","","kg",
"2025-10-28 14:57:07","B","Rosca direta com barra reta","3","15","10","","","kg",
"2025-10-28 14:57:07","B","Rosca direta com barra reta","4","15","9","","","kg",
"2025-10-28 14:57:07","B","Rosca alternada com halter","1","7","10","","","kg",
"2025-10-28 14:57:07","B","Rosca alternada com halter","2","7","9","","","kg",
"2025-10-28 14:57:07","B","Rosca alternada com halter","3","7","8","","","kg",
"2025-10-28 14:57:07","B","Rosca alternada com halter","4","7","8","","","kg",
"2025-10-30 15:27:14","C","Agachamento com barra","1","50","10","","","kg",
"2025-10-30 15:27:14","C","Agachamento com barra","2","50","12","","","kg",
"2025-10-30 15:27:14","C","Agachamento com barra","3","50","10","","","kg",
"2025-10-30 15:27:14","C","Agachamento com barra","4","50","10","","","kg",
"2025-10-30 15:27:14","C","Leg press","1","160","14","","","kg",
"2025-10-30 15:27:14","C","Leg press","2","180","10","","","kg",
"2025-10-30 15:27:14","C","Leg press","3","180","9","","","kg",
"2025-10-30 15:27:14","C","Leg press","4","180","9","","","kg",
"2025-10-30 15:27:14","C","Extensão de pernas","1","55","13","","","kg",
"2025-10-30 15:27:14","C","Extensão de pernas","2","65","10","","","kg",
"2025-10-30 15:27:14","C","Extensão de pernas","3","65","9","","","kg",
"2025-10-30 15:27:14","C","Extensão de pernas","4","55","10","","","kg",
"2025-10-30 15:27:14","C","Flexão de pernas deitado","1","55","12","","","kg",
"2025-10-30 15:27:14","C","Flexão de pernas deitado","2","55","11","","","kg",
"2025-10-30 15:27:14","C","Flexão de pernas deitado","3","55","10","","","kg",
"2025-10-30 15:27:14","C","Flexão de pernas deitado","4","55","9","","","kg",
"2025-10-30 15:27:14","C","Panturrilha no leg press","1","8","18","","","kg",
"2025-10-30 15:27:14","C","Panturrilha no leg press","2","9","16","","","kg",
"2025-10-30 15:27:14","C","Panturrilha no leg press","3","9","15","","","kg",
"2025-10-30 15:27:14","C","Panturrilha no leg press","4","9","14","","","kg",
"2025-11-03 15:09:51","A","Supino reto com halteres","1","20","16","","","kg",
"2025-11-03 15:09:51","A","Supino reto com halteres","2","20","15","","","kg",
"2025-11-03 15:09:51","A","Supino reto com halteres","3","20","12","","","kg",
"2025-11-03 15:09:51","A","Supino reto com halteres","4","20","11","","","kg",
"2025-11-03 15:09:51","A","Supino inclinado com halteres","1","14","9","","","kg",
"2025-11-03 15:09:51","A","Supino inclinado com halteres","2","14","9","","","kg",
"2025-11-03 15:09:51","A","Supino inclinado com halteres","3","14","9","","","kg",
"2025-11-03 15:09:51","A","Supino inclinado com halteres","4","14","8","","","kg",
"2025-11-03 15:09:51","A","Crucifixo na máquina","1","10","11","","","kg",
"2025-11-03 15:09:51","A","Crucifixo na máquina","2","10","10","","","kg",
"2025-11-03 15:09:51","A","Crucifixo na máquina","3","10","9","","","kg",
"2025-11-03 15:09:51","A","Crucifixo na máquina","4","10","8","","","kg",
"2025-11-03 15:09:51","A","Elevação frontal com halteres","1","7","12","","","kg",
"2025-11-03 15:09:51","A","Elevação frontal com halteres","2","7","11","","","kg",
"2025-11-03 15:09:51","A","Elevação frontal com halteres","3","7","10","","","kg",
"2025-11-03 15:09:51","A","Elevação frontal com halteres","4","7","10","","","kg",
"2025-11-03 15:09:51","A","Mergulho de tríceps assistido","1","0","7","","","kg",
"2025-11-03 15:09:51","A","Mergulho de tríceps assistido","2","0","6","","","kg",
"2025-11-03 15:09:51","A","Mergulho de tríceps assistido","3","0","5","","","kg",
"2025-11-03 15:09:51","A","Mergulho de tríceps assistido","4","0","5","","","kg",
"2025-11-03 15:09:51","A","Tríceps pulley na polia alta","1","6","12","","","kg",
"2025-11-03 15:09:51","A","Tríceps pulley na polia alta","2","6","10","","","kg",
"2025-11-03 15:09:51","A","Tríceps pulley na polia alta","3","6","9","","","kg",
"2025-11-03 15:09:51","A","Tríceps pulley na polia alta","4","6","9","","","kg",
"2025-11-04 14:24:45","B","Puxada aberta frontal","1","11","15","","","kg",
"2025-11-04 14:24:45","B","Puxada aberta frontal","2","11","14","","","kg",
"2025-11-04 14:24:45","B","Puxada aberta frontal","3","11","12","","","kg",
"2025-11-04 14:24:45","B","Puxada aberta frontal","4","11","11","","","kg",
"2025-11-04 14:24:45","B","Remada na polia sentado","1","11","11","","","kg",
"2025-11-04 14:24:45","B","Remada na polia sentado","2","11","10","","","kg",
"2025-11-04 14:24:45","B","Remada na polia sentado","3","11","9","","","kg",
"2025-11-04 14:24:45","B","Remada na polia sentado","4","11","8","","","kg",
"2025-11-04 14:24:45","B","Puxada pela frente neutra","1","10","10","","","kg",
"2025-11-04 14:24:45","B","Puxada pela frente neutra","2","10","9","","","kg",
"2025-11-04 14:24:45","B","Puxada pela frente neutra","3","10","9","","","kg",
"2025-11-04 14:24:45","B","Puxada pela frente neutra","4","10","9","","","kg",
"2025-11-04 14:24:45","B","Elevação lateral com halteres","1","7","13","","","kg",
"2025-11-04 14:24:45","B","Elevação lateral com halteres","2","7","13","","","kg",
"2025-11-04 14:24:45","B","Elevação lateral com halteres","3","7","12","","","kg",
"2025-11-04 14:24:45","B","Elevação lateral com halteres","4","7","11","","","kg",
"2025-11-04 14:24:45","B","Rosca direta com barra reta","1","15","14","","","kg",
"2025-11-04 14:24:45","B","Rosca direta com barra reta","2","15","13","","","kg",
"2025-11-04 14:24:45","B","Rosca direta com barra reta","3","15","11","","","kg",
"2025-11-04 14:24:45","B","Rosca direta com barra reta","4","15","10","","","kg",
"2025-11-04 14:24:45","B","Rosca alternada com halter","1","7","10","","","kg",
"2025-11-04 14:24:45","B","Rosca alternada com halter","2","7","9","","","kg",
"2025-11-04 14:24:45","B","Rosca alternada com halter","3","7","8","","","kg",
"2025-11-04 14:24:45","B","Rosca alternada com halter","4","7","7","","","kg",
"2025-11-05 14:48:33","C","Agachamento com barra","1","50","10","","","kg",
"2025-11-05 14:48:33","C","Agachamento com barra","2","50","10","","","kg",
"2025-11-05 14:48:33","C","Agachamento com barra","3","50","9","","","kg",
"2025-11-05 14:48:33","C","Agachamento com barra","4","50","9","","","kg",
"2025-11-05 14:48:33","C","Leg press","1","160","15","","","kg",
"2025-11-05 14:48:33","C","Leg press","2","180","13","","","kg",
"2025-11-05 14:48:33","C","Leg press","3","180","11","","","kg",
"2025-11-05 14:48:33","C","Leg press","4","180","10","","","kg",
"2025-11-05 14:48:33","C","Extensão de pernas","1","65","14","","","kg",
"2025-11-05 14:48:33","C","Extensão de pernas","2","65","13","","","kg",
"2025-11-05 14:48:33","C","Extensão de pernas","3","65","12","","","kg",
"2025-11-05 14:48:33","C","Extensão de pernas","4","65","10","","","kg",
"2025-11-05 14:48:33","C","Flexão de pernas deitado","1","55","10","","","kg",
"2025-11-05 14:48:33","C","Flexão de pernas deitado","2","55","10","","","kg",
"2025-11-05 14:48:33","C","Flexão de pernas deitado","3","55","9","","","kg",
"2025-11-05 14:48:33","C","Flexão de pernas deitado","4","55","9","","","kg",
"2025-11-05 14:48:33","C","Panturrilha no leg press","1","8","18","","","kg",
"2025-11-05 14:48:33","C","Panturrilha no leg press","2","8","16","","","kg",
"2025-11-05 14:48:33","C","Panturrilha no leg press","3","8","14","","","kg",
"2025-11-05 14:48:33","C","Panturrilha no leg press","4","8","14","","","kg",
"2025-11-10 15:04:56","A","Supino reto com halteres","1","20","16","","","kg",
"2025-11-10 15:04:56","A","Supino reto com halteres","2","20","12","","","kg",
"2025-11-10 15:04:56","A","Supino reto com halteres","3","20","11","","","kg",
"2025-11-10 15:04:56","A","Supino reto com halteres","4","20","10","","","kg",
"2025-11-10 15:04:56","A","Supino inclinado com halteres","1","14","8","","","kg",
"2025-11-10 15:04:56","A","Supino inclinado com halteres","2","14","8","","","kg",
"2025-11-10 15:04:56","A","Supino inclinado com halteres","3","14","8","","","kg",
"2025-11-10 15:04:56","A","Supino inclinado com halteres","4","14","8","","","kg",
"2025-11-10 15:04:56","A","Crucifixo na máquina","1","10","10","","","kg",
"2025-11-10 15:04:56","A","Crucifixo na máquina","2","10","9","","","kg",
"2025-11-10 15:04:56","A","Crucifixo na máquina","3","9","9","","","kg",
"2025-11-10 15:04:56","A","Crucifixo na máquina","4","9","8","","","kg",
"2025-11-10 15:04:56","A","Elevação frontal com halteres","1","7","12","","","kg",
"2025-11-10 15:04:56","A","Elevação frontal com halteres","2","7","11","","","kg",
"2025-11-10 15:04:56","A","Elevação frontal com halteres","3","7","10","","","kg",
"2025-11-10 15:04:56","A","Elevação frontal com halteres","4","7","10","","","kg",
"2025-11-10 15:04:56","A","Mergulho de tríceps assistido","1","0","6","","","kg",
"2025-11-10 15:04:56","A","Mergulho de tríceps assistido","2","0","5","","","kg",
"2025-11-10 15:04:56","A","Mergulho de tríceps assistido","3","0","4","","","kg",
"2025-11-10 15:04:56","A","Mergulho de tríceps assistido","4","0","4","","","kg",
"2025-11-10 15:04:56","A","Tríceps pulley na polia alta","1","6","12","","","kg",
"2025-11-10 15:04:56","A","Tríceps pulley na polia alta","2","6","11","","","kg",
"2025-11-10 15:04:56","A","Tríceps pulley na polia alta","3","6","9","","","kg",
"2025-11-10 15:04:56","A","Tríceps pulley na polia alta","4","6","9","","","kg",
"2025-11-11 14:47:32","B","Puxada aberta frontal","1","11","14","","","kg",
"2025-11-11 14:47:32","B","Puxada aberta frontal","2","11","14","","","kg",
"2025-11-11 14:47:32","B","Puxada aberta frontal","3","11","13","","","kg",
"2025-11-11 14:47:32","B","Puxada aberta frontal","4","11","11","","","kg",
"2025-11-11 14:47:32","B","Remada na polia sentado","1","11","11","","","kg",
"2025-11-11 14:47:32","B","Remada na polia sentado","2","11","10","","","kg",
"2025-11-11 14:47:32","B","Remada na polia sentado","3","11","10","","","kg",
"2025-11-11 14:47:32","B","Remada na polia sentado","4","11","9","","","kg",
"2025-11-11 14:47:32","B","Puxada pela frente neutra","1","10","12","","","kg",
"2025-11-11 14:47:32","B","Puxada pela frente neutra","2","10","10","","","kg",
"2025-11-11 14:47:32","B","Puxada pela frente neutra","3","10","10","","","kg",
"2025-11-11 14:47:32","B","Puxada pela frente neutra","4","10","9","","","kg",
"2025-11-11 14:47:32","B","Elevação lateral com halteres","1","7","15","","","kg",
"2025-11-11 14:47:32","B","Elevação lateral com halteres","2","7","14","","","kg",
"2025-11-11 14:47:32","B","Elevação lateral com halteres","3","7","13","","","kg",
"2025-11-11 14:47:32","B","Elevação lateral com halteres","4","7","11","","","kg",
"2025-11-11 14:47:32","B","Rosca direta com barra reta","1","15","14","","","kg",
"2025-11-11 14:47:32","B","Rosca direta com barra reta","2","15","13","","","kg",
"2025-11-11 14:47:32","B","Rosca direta com barra reta","3","15","11","","","kg",
"2025-11-11 14:47:32","B","Rosca direta com barra reta","4","15","10","","","kg",
"2025-11-11 14:47:32","B","Rosca alternada com halter","1","7","9","","","kg",
"2025-11-11 14:47:32","B","Rosca alternada com halter","2","7","8","","","kg",
"2025-11-11 14:47:32","B","Rosca alternada com halter","3","7","8","","","kg",
"2025-11-11 14:47:32","B","Rosca alternada com halter","4","7","7","","","kg",
"2025-11-13 14:40:20","C","Agachamento com barra","1","50","12","","","kg",
"2025-11-13 14:40:20","C","Agachamento com barra","2","50","12","","","kg",
"2025-11-13 14:40:20","C","Agachamento com barra","3","50","12","","","kg",
"2025-11-13 14:40:20","C","Agachamento com barra","4","50","10","","","kg",
"2025-11-13 14:40:20","C","Leg press","1","160","13","","","kg",
"2025-11-13 14:40:20","C","Leg press","2","160","12","","","kg",
"2025-11-13 14:40:20","C","Leg press","3","160","10","","","kg",
"2025-11-13 14:40:20","C","Leg press","4","160","10","","","kg",
"2025-11-13 14:40:20","C","Extensão de pernas","1","65","12","","","kg",
"2025-11-13 14:40:20","C","Extensão de pernas","2","65","10","","","kg",
"2025-11-13 14:40:20","C","Extensão de pernas","3","65","9","","","kg",
"2025-11-13 14:40:20","C","Extensão de pernas","4","65","8","","","kg",
"2025-11-13 14:40:20","C","Flexão de pernas deitado","1","55","11","","","kg",
"2025-11-13 14:40:20","C","Flexão de pernas deitado","2","55","10","","","kg",
"2025-11-13 14:40:20","C","Flexão de pernas deitado","3","55","8","","","kg",
"2025-11-13 14:40:20","C","Flexão de pernas deitado","4","55","8","","","kg",
"2025-11-13 14:40:20","C","Panturrilha no leg press","1","8","17","","","kg",
"2025-11-13 14:40:20","C","Panturrilha no leg press","2","8","16","","","kg",
"2025-11-13 14:40:20","C","Panturrilha no leg press","3","8","15","","","kg",
"2025-11-13 14:40:20","C","Panturrilha no leg press","4","8","14","","","kg",
"2025-11-17 14:53:53","A","Supino reto com halteres","1","20","14","","","kg",
"2025-11-17 14:53:53","A","Supino reto com halteres","2","20","12","","","kg",
"2025-11-17 14:53:53","A","Supino reto com halteres","3","20","10","","","kg",
"2025-11-17 14:53:53","A","Supino reto com halteres","4","20","7","","","kg",
"2025-11-17 14:53:53","A","Supino inclinado com halteres","1","14","9","","","kg",
"2025-11-17 14:53:53","A","Supino inclinado com halteres","2","14","8","","","kg",
"2025-11-17 14:53:53","A","Supino inclinado com halteres","3","14","8","","","kg",
"2025-11-17 14:53:53","A","Supino inclinado com halteres","4","14","8","","","kg",
"2025-11-17 14:53:53","A","Crucifixo na máquina","1","9","12","","","kg",
"2025-11-17 14:53:53","A","Crucifixo na máquina","2","9","11","","","kg",
"2025-11-17 14:53:53","A","Crucifixo na máquina","3","9","10","","","kg",
"2025-11-17 14:53:53","A","Crucifixo na máquina","4","9","9","","","kg",
"2025-11-17 14:53:53","A","Elevação frontal com halteres","1","7","12","","","kg",
"2025-11-17 14:53:53","A","Elevação frontal com halteres","2","7","12","","","kg",
"2025-11-17 14:53:53","A","Elevação frontal com halteres","3","7","11","","","kg",
"2025-11-17 14:53:53","A","Elevação frontal com halteres","4","7","10","","","kg",
"2025-11-17 14:53:53","A","Mergulho de tríceps assistido","1","0","7","","","kg",
"2025-11-17 14:53:53","A","Mergulho de tríceps assistido","2","0","6","","","kg",
"2025-11-17 14:53:53","A","Mergulho de tríceps assistido","3","0","5","","","kg",
"2025-11-17 14:53:53","A","Mergulho de tríceps assistido","4","0","4","","","kg",
"2025-11-17 14:53:53","A","Tríceps pulley na polia alta","1","6","13","","","kg",
"2025-11-17 14:53:53","A","Tríceps pulley na polia alta","2","6","12","","","kg",
"2025-11-17 14:53:53","A","Tríceps pulley na polia alta","3","6","12","","","kg",
"2025-11-17 14:53:53","A","Tríceps pulley na polia alta","4","6","11","","","kg",
"2025-11-18 14:35:49","B","Puxada aberta frontal","1","11","15","","","kg",
"2025-11-18 14:35:49","B","Puxada aberta frontal","2","11","14","","","kg",
"2025-11-18 14:35:49","B","Puxada aberta frontal","3","11","13","","","kg",
"2025-11-18 14:35:49","B","Puxada aberta frontal","4","11","11","","","kg",
"2025-11-18 14:35:49","B","Remada na polia sentado","1","11","11","","","kg",
"2025-11-18 14:35:49","B","Remada na polia sentado","2","11","10","","","kg",
"2025-11-18 14:35:49","B","Remada na polia sentado","3","11","9","","","kg",
"2025-11-18 14:35:49","B","Remada na polia sentado","4","11","8","","","kg",
"2025-11-18 14:35:49","B","Puxada pela frente neutra","1","10","12","","","kg",
"2025-11-18 14:35:49","B","Puxada pela frente neutra","2","10","11","","","kg",
"2025-11-18 14:35:49","B","Puxada pela frente neutra","3","10","10","","","kg",
"2025-11-18 14:35:49","B","Puxada pela frente neutra","4","10","9","","","kg",
"2025-11-18 14:35:49","B","Elevação lateral com halteres","1","7","15","","","kg",
"2025-11-18 14:35:49","B","Elevação lateral com halteres","2","7","14","","","kg",
"2025-11-18 14:35:49","B","Elevação lateral com halteres","3","7","12","","","kg",
"2025-11-18 14:35:49","B","Elevação lateral com halteres","4","7","11","","","kg",
"2025-11-18 14:35:49","B","Rosca direta com barra reta","1","15","14","","","kg",
"2025-11-18 14:35:49","B","Rosca direta com barra reta","2","15","13","","","kg",
"2025-11-18 14:35:49","B","Rosca direta com barra reta","3","15","11","","","kg",
"2025-11-18 14:35:49","B","Rosca direta com barra reta","4","15","10","","","kg",
"2025-11-18 14:35:49","B","Rosca alternada com halter","1","7","9","","","kg",
"2025-11-18 14:35:49","B","Rosca alternada com halter","2","7","8","","","kg",
"2025-11-18 14:35:49","B","Rosca alternada com halter","3","7","8","","","kg",
"2025-11-18 14:35:49","B","Rosca alternada com halter","4","7","7","","","kg",
"2025-11-21 16:57:29","C","Agachamento com barra","1","50","12","","","kg",
"2025-11-21 16:57:29","C","Agachamento com barra","2","50","12","","","kg",
"2025-11-21 16:57:29","C","Agachamento com barra","3","50","12","","","kg",
"2025-11-21 16:57:29","C","Agachamento com barra","4","50","12","","","kg",
"2025-11-21 16:57:29","C","Leg press","1","160","13","","","kg",
"2025-11-21 16:57:29","C","Leg press","2","160","12","","","kg",
"2025-11-21 16:57:29","C","Leg press","3","160","11","","","kg",
"2025-11-24 15:02:46","A","Supino reto com halteres","1","18","16","","","kg",
"2025-11-24 15:02:46","A","Supino reto com halteres","2","18","15","","","kg",
"2025-11-24 15:02:46","A","Supino reto com halteres","3","20","11","","","kg",
"2025-11-24 15:02:46","A","Supino reto com halteres","4","20","7","","","kg",
"2025-11-24 15:02:46","A","Supino inclinado com halteres","1","14","10","","","kg",
"2025-11-24 15:02:46","A","Supino inclinado com halteres","2","14","9","","","kg",
"2025-11-24 15:02:46","A","Supino inclinado com halteres","3","14","8","","","kg",
"2025-11-24 15:02:46","A","Supino inclinado com halteres","4","14","7","","","kg",
"2025-11-24 15:02:46","A","Crucifixo na máquina","1","9","12","","","kg",
"2025-11-24 15:02:46","A","Crucifixo na máquina","2","9","11","","","kg",
"2025-11-24 15:02:46","A","Crucifixo na máquina","3","9","9","","","kg",
"2025-11-24 15:02:46","A","Crucifixo na máquina","4","9","9","","","kg",
"2025-11-24 15:02:46","A","Elevação frontal com halteres","1","7","13","","","kg",
"2025-11-24 15:02:46","A","Elevação frontal com halteres","2","7","12","","","kg",
"2025-11-24 15:02:46","A","Elevação frontal com halteres","3","7","11","","","kg",
"2025-11-24 15:02:46","A","Elevação frontal com halteres","4","7","11","","","kg",
"2025-11-24 15:02:46","A","Mergulho de tríceps assistido","1","0","7","","","kg",
"2025-11-24 15:02:46","A","Mergulho de tríceps assistido","2","0","6","","","kg",
"2025-11-24 15:02:46","A","Mergulho de tríceps assistido","3","0","5","","","kg",
"2025-11-24 15:02:46","A","Mergulho de tríceps assistido","4","0","4","","","kg",
"2025-11-24 15:02:46","A","Tríceps pulley na polia alta","1","6","12","","","kg",
"2025-11-24 15:02:46","A","Tríceps pulley na polia alta","2","6","12","","","kg",
"2025-11-24 15:02:46","A","Tríceps pulley na polia alta","3","6","11","","","kg",
"2025-11-24 15:02:46","A","Tríceps pulley na polia alta","4","6","11","","","kg",
"2025-11-25 15:01:30","B","Puxada aberta frontal","1","11","13","","","kg",
"2025-11-25 15:01:30","B","Puxada aberta frontal","2","11","12","","","kg",
"2025-11-25 15:01:30","B","Puxada aberta frontal","3","11","11","","","kg",
"2025-11-25 15:01:30","B","Puxada aberta frontal","4","11","9","","","kg",
"2025-11-25 15:01:30","B","Remada na polia sentado","1","11","11","","","kg",
"2025-11-25 15:01:30","B","Remada na polia sentado","2","11","10","","","kg",
"2025-11-25 15:01:30","B","Remada na polia sentado","3","11","10","","","kg",
"2025-11-25 15:01:30","B","Remada na polia sentado","4","11","9","","","kg",
"2025-11-25 15:01:30","B","Puxada pela frente neutra","1","10","11","","","kg",
"2025-11-25 15:01:30","B","Puxada pela frente neutra","2","10","11","","","kg",
"2025-11-25 15:01:30","B","Puxada pela frente neutra","3","10","10","","","kg",
"2025-11-25 15:01:30","B","Puxada pela frente neutra","4","10","10","","","kg",
"2025-11-25 15:01:30","B","Elevação lateral com halteres","1","10","11","","","kg",
"2025-11-25 15:01:30","B","Elevação lateral com halteres","2","10","11","","","kg",
"2025-11-25 15:01:30","B","Elevação lateral com halteres","3","10","10","","","kg",
"2025-11-25 15:01:30","B","Elevação lateral com halteres","4","10","9","","","kg",
"2025-11-25 15:01:30","B","Rosca direta com barra reta","1","15","14","","","kg",
"2025-11-25 15:01:30","B","Rosca direta com barra reta","2","15","13","","","kg",
"2025-11-25 15:01:30","B","Rosca direta com barra reta","3","15","11","","","kg",
"2025-11-25 15:01:30","B","Rosca direta com barra reta","4","15","9","","","kg",
"2025-11-25 15:01:30","B","Rosca alternada com halter","1","7","8","","","kg",
"2025-11-25 15:01:30","B","Rosca alternada com halter","2","7","8","","","kg",
"2025-11-25 15:01:30","B","Rosca alternada com halter","3","7","8","","","kg",
"2025-11-25 15:01:30","B","Rosca alternada com halter","4","7","8","","","kg",
"2025-11-28 14:41:56","C","Agachamento com barra","1","50","12","","","kg",
"2025-11-28 14:41:56","C","Agachamento com barra","2","50","12","","","kg",
"2025-11-28 14:41:56","C","Agachamento com barra","3","50","12","","","kg",
"2025-11-28 14:41:56","C","Agachamento com barra","4","50","11","","","kg",
"2025-11-28 14:41:56","C","Leg press","1","160","13","","","kg",
"2025-11-28 14:41:56","C","Leg press","2","160","12","","","kg",
"2025-11-28 14:41:56","C","Leg press","3","160","11","","","kg",
"2025-11-28 14:41:56","C","Leg press","4","160","10","","","kg",
"2025-11-28 14:41:56","C","Extensão de pernas","1","65","11","","","kg",
"2025-11-28 14:41:56","C","Extensão de pernas","2","65","10","","","kg",
"2025-11-28 14:41:56","C","Extensão de pernas","3","65","9","","","kg",
"2025-11-28 14:41:56","C","Extensão de pernas","4","65","8","","","kg",
"2025-11-28 14:41:56","C","Flexão de pernas deitado","1","55","13","","","kg",
"2025-11-28 14:41:56","C","Flexão de pernas deitado","2","55","12","","","kg",
"2025-11-28 14:41:56","C","Flexão de pernas deitado","3","55","10","","","kg",
"2025-11-28 14:41:56","C","Flexão de pernas deitado","4","55","10","","","kg",
"2025-11-28 14:41:56","C","Panturrilha no leg press","1","8","17","","","kg",
"2025-11-28 14:41:56","C","Panturrilha no leg press","2","8","16","","","kg",
"2025-11-28 14:41:56","C","Panturrilha no leg press","3","8","15","","","kg",
"2025-11-28 14:41:56","C","Panturrilha no leg press","4","8","15","","","kg",
"2025-12-01 15:43:04","A","Supino reto com halteres","1","18","14","","","kg",
"2025-12-01 15:43:04","A","Supino reto com halteres","2","18","14","","","kg",
"2025-12-01 15:43:04","A","Supino reto com halteres","3","20","9","","","kg",
"2025-12-01 15:43:04","A","Supino reto com halteres","4","20","8","","","kg",
"2025-12-01 15:43:04","A","Supino inclinado com halteres","1","14","11","","","kg",
"2025-12-01 15:43:04","A","Supino inclinado com halteres","2","14","10","","","kg",
"2025-12-01 15:43:04","A","Supino inclinado com halteres","3","14","8","","","kg",
"2025-12-01 15:43:04","A","Supino inclinado com halteres","4","14","7","","","kg",
"2025-12-01 15:43:04","A","Crucifixo na máquina","1","9","12","","","kg",
"2025-12-01 15:43:04","A","Crucifixo na máquina","2","9","11","","","kg",
"2025-12-01 15:43:04","A","Crucifixo na máquina","3","9","9","","","kg",
"2025-12-01 15:43:04","A","Crucifixo na máquina","4","9","8","","","kg",
"2025-12-01 15:43:04","A","Elevação frontal com halteres","1","7","12","","","kg",
"2025-12-01 15:43:04","A","Elevação frontal com halteres","2","7","12","","","kg",
"2025-12-01 15:43:04","A","Elevação frontal com halteres","3","7","11","","","kg",
"2025-12-01 15:43:04","A","Elevação frontal com halteres","4","7","11","","","kg",
"2025-12-01 15:43:04","A","Mergulho de tríceps assistido","1","0","7","","","kg",
"2025-12-01 15:43:04","A","Mergulho de tríceps assistido","2","0","6","","","kg",
"2025-12-01 15:43:04","A","Mergulho de tríceps assistido","3","0","5","","","kg",
"2025-12-01 15:43:04","A","Mergulho de tríceps assistido","4","0","4","","","kg",
"2025-12-01 15:43:04","A","Tríceps pulley na polia alta","1","6","12","","","kg",
"2025-12-01 15:43:04","A","Tríceps pulley na polia alta","2","6","12","","","kg",
"2025-12-01 15:43:04","A","Tríceps pulley na polia alta","3","6","10","","","kg",
"2025-12-01 15:43:04","A","Tríceps pulley na polia alta","4","6","11","","","kg",
"2025-12-02 15:24:53","B","Puxada aberta frontal","1","11","13","","","kg",
"2025-12-02 15:24:53","B","Puxada aberta frontal","2","11","12","","","kg",
"2025-12-02 15:24:53","B","Puxada aberta frontal","3","11","10","","","kg",
"2025-12-02 15:24:53","B","Puxada aberta frontal","4","11","9","","","kg",
"2025-12-02 15:24:53","B","Remada na polia sentado","1","11","12","","","kg",
"2025-12-02 15:24:53","B","Remada na polia sentado","2","11","11","","","kg",
"2025-12-02 15:24:53","B","Remada na polia sentado","3","11","11","","","kg",
"2025-12-02 15:24:53","B","Remada na polia sentado","4","11","10","","","kg",
"2025-12-02 15:24:53","B","Puxada pela frente neutra","1","10","11","","","kg",
"2025-12-02 15:24:53","B","Puxada pela frente neutra","2","10","11","","","kg",
"2025-12-02 15:24:53","B","Puxada pela frente neutra","3","10","10","","","kg",
"2025-12-02 15:24:53","B","Puxada pela frente neutra","4","10","10","","","kg",
"2025-12-02 15:24:53","B","Elevação lateral com halteres","1","10","11","","","kg",
"2025-12-02 15:24:53","B","Elevação lateral com halteres","2","10","10","","","kg",
"2025-12-02 15:24:53","B","Elevação lateral com halteres","3","10","10","","","kg",
"2025-12-02 15:24:53","B","Elevação lateral com halteres","4","10","9","","","kg",
"2025-12-02 15:24:53","B","Rosca direta com barra reta","1","15","14","","","kg",
"2025-12-02 15:24:53","B","Rosca direta com barra reta","2","15","13","","","kg",
"2025-12-02 15:24:53","B","Rosca direta com barra reta","3","15","11","","","kg",
"2025-12-02 15:24:53","B","Rosca direta com barra reta","4","15","9","","","kg",
"2025-12-02 15:24:53","B","Rosca alternada com halter","1","9","7","","","kg",
"2025-12-02 15:24:53","B","Rosca alternada com halter","2","9","6","","","kg",
"2025-12-02 15:24:53","B","Rosca alternada com halter","3","9","5","","","kg",
"2025-12-02 15:24:53","B","Rosca alternada com halter","4","7","8","","","kg",
"2025-12-03 14:49:33","C","Agachamento com barra","1","50","12","","","kg",
"2025-12-03 14:49:33","C","Agachamento com barra","2","50","12","","","kg",
"2025-12-03 14:49:33","C","Agachamento com barra","3","50","12","","","kg",
"2025-12-03 14:49:33","C","Agachamento com barra","4","50","12","","","kg",
"2025-12-03 14:49:33","C","Leg press","1","160","13","","","kg",
"2025-12-03 14:49:33","C","Leg press","2","160","13","","","kg",
"2025-12-03 14:49:33","C","Leg press","3","160","12","","","kg",
"2025-12-03 14:49:33","C","Leg press","4","160","12","","","kg",
"2025-12-03 14:49:33","C","Extensão de pernas","1","65","12","","","kg",
"2025-12-03 14:49:33","C","Extensão de pernas","2","65","11","","","kg",
"2025-12-03 14:49:33","C","Extensão de pernas","3","65","10","","","kg",
"2025-12-03 14:49:33","C","Extensão de pernas","4","65","9","","","kg",
"2025-12-03 14:49:33","C","Flexão de pernas deitado","1","55","13","","","kg",
"2025-12-03 14:49:33","C","Flexão de pernas deitado","2","55","12","","","kg",
"2025-12-03 14:49:33","C","Flexão de pernas deitado","3","55","11","","","kg",
"2025-12-03 14:49:33","C","Flexão de pernas deitado","4","55","10","","","kg",
"2025-12-03 14:49:33","C","Panturrilha no leg press","1","8","18","","","kg",
"2025-12-03 14:49:33","C","Panturrilha no leg press","2","8","16","","","kg",
"2025-12-03 14:49:33","C","Panturrilha no leg press","3","8","16","","","kg",
"2025-12-03 14:49:33","C","Panturrilha no leg press","4","8","15","","","kg",
"2025-12-05 15:45:40","A","Supino reto com halteres","1","18","12","","","kg",
"2025-12-05 15:45:40","A","Supino reto com halteres","2","18","10","","","kg",
"2025-12-05 15:45:40","A","Supino reto com halteres","3","18","9","","","kg",
"2025-12-05 15:45:40","A","Supino reto com halteres","4","18","8","","","kg",
"2025-12-05 15:45:40","A","Supino inclinado com halteres","1","14","12","","","kg",
"2025-12-05 15:45:40","A","Supino inclinado com halteres","2","14","11","","","kg",
"2025-12-05 15:45:40","A","Supino inclinado com halteres","3","14","11","","","kg",
"2025-12-05 15:45:40","A","Supino inclinado com halteres","4","14","10","","","kg",
"2025-12-05 15:45:40","A","Crucifixo na máquina","1","9","14","","","kg",
"2025-12-05 15:45:40","A","Crucifixo na máquina","2","9","14","","","kg",
"2025-12-05 15:45:40","A","Crucifixo na máquina","3","9","12","","","kg",
"2025-12-05 15:45:40","A","Crucifixo na máquina","4","9","12","","","kg",
"2025-12-05 15:45:40","A","Elevação frontal com halteres","1","7","11","","","kg",
"2025-12-05 15:45:40","A","Elevação frontal com halteres","2","7","12","","","kg",
"2025-12-05 15:45:40","A","Elevação frontal com halteres","3","7","11","","","kg",
"2025-12-05 15:45:40","A","Elevação frontal com halteres","4","7","11","","","kg",
"2025-12-05 15:45:40","A","Mergulho de tríceps assistido","1","0","7","","","kg",
"2025-12-05 15:45:40","A","Mergulho de tríceps assistido","2","0","6","","","kg",
"2025-12-05 15:45:40","A","Mergulho de tríceps assistido","3","0","6","","","kg",
"2025-12-05 15:45:40","A","Mergulho de tríceps assistido","4","0","5","","","kg",
"2025-12-05 15:45:40","A","Tríceps pulley na polia alta","1","6","13","","","kg",
"2025-12-05 15:45:40","A","Tríceps pulley na polia alta","2","6","12","","","kg",
"2025-12-05 15:45:40","A","Tríceps pulley na polia alta","3","6","10","","","kg",
"2025-12-05 15:45:40","A","Tríceps pulley na polia alta","4","6","11","","","kg",
"2025-12-08 14:44:56","A","Supino reto com halteres","1","18","16","","","kg",
"2025-12-08 14:44:56","A","Supino reto com halteres","2","18","16","","","kg",
"2025-12-08 14:44:56","A","Supino reto com halteres","3","18","15","","","kg",
"2025-12-08 14:44:56","A","Supino reto com halteres","4","18","15","","","kg",
"2025-12-08 14:44:56","A","Supino inclinado com halteres","1","14","12","","","kg",
"2025-12-08 14:44:56","A","Supino inclinado com halteres","2","14","11","","","kg",
"2025-12-08 14:44:56","A","Supino inclinado com halteres","3","14","10","","","kg",
"2025-12-08 14:44:56","A","Supino inclinado com halteres","4","14","9","","","kg",
"2025-12-08 14:44:56","A","Crucifixo na máquina","1","10","12","","","kg",
"2025-12-08 14:44:56","A","Crucifixo na máquina","2","10","10","","","kg",
"2025-12-08 14:44:56","A","Crucifixo na máquina","3","10","9","","","kg",
"2025-12-08 14:44:56","A","Crucifixo na máquina","4","10","9","","","kg",
"2025-12-08 14:44:56","A","Elevação frontal com halteres","1","7","12","","","kg",
"2025-12-08 14:44:56","A","Elevação frontal com halteres","2","7","12","","","kg",
"2025-12-08 14:44:56","A","Elevação frontal com halteres","3","7","11","","","kg",
"2025-12-08 14:44:56","A","Elevação frontal com halteres","4","7","10","","","kg",
"2025-12-08 14:44:56","A","Mergulho de tríceps assistido","1","0","6","","","kg",
"2025-12-08 14:44:56","A","Mergulho de tríceps assistido","2","0","6","","","kg",
"2025-12-08 14:44:56","A","Mergulho de tríceps assistido","3","0","5","","","kg",
"2025-12-08 14:44:56","A","Mergulho de tríceps assistido","4","0","5","","","kg",
"2025-12-08 14:44:56","A","Tríceps pulley na polia alta","1","6","13","","","kg",
"2025-12-08 14:44:56","A","Tríceps pulley na polia alta","2","6","11","","","kg",
"2025-12-08 14:44:56","A","Tríceps pulley na polia alta","3","6","10","","","kg",
"2025-12-10 15:47:40","B","Puxada aberta frontal","1","11","13","","","kg",
"2025-12-10 15:47:40","B","Puxada aberta frontal","2","11","12","","","kg",
"2025-12-10 15:47:40","B","Puxada aberta frontal","3","11","10","","","kg",
"2025-12-10 15:47:40","B","Puxada aberta frontal","4","11","9","","","kg",
"2025-12-10 15:47:40","B","Remada na polia sentado","1","11","12","","","kg",
"2025-12-10 15:47:40","B","Remada na polia sentado","2","11","11","","","kg",
"2025-12-10 15:47:40","B","Remada na polia sentado","3","11","10","","","kg",
"2025-12-10 15:47:40","B","Remada na polia sentado","4","11","10","","","kg",
"2025-12-10 15:47:40","B","Puxada pela frente neutra","1","10","12","","","kg",
"2025-12-10 15:47:40","B","Puxada pela frente neutra","2","10","11","","","kg",
"2025-12-10 15:47:40","B","Puxada pela frente neutra","3","10","10","","","kg",
"2025-12-10 15:47:40","B","Puxada pela frente neutra","4","10","9","","","kg",
"2025-12-10 15:47:40","B","Elevação lateral com halteres","1","9","12","","","kg",
"2025-12-10 15:47:40","B","Elevação lateral com halteres","2","9","11","","","kg",
"2025-12-10 15:47:40","B","Elevação lateral com halteres","3","9","10","","","kg",
"2025-12-10 15:47:40","B","Elevação lateral com halteres","4","9","9","","","kg",
"2025-12-10 15:47:40","B","Rosca direta com barra reta","1","15","12","","","kg",
"2025-12-10 15:47:40","B","Rosca direta com barra reta","2","15","12","","","kg",
"2025-12-10 15:47:40","B","Rosca direta com barra reta","3","15","10","","","kg",
"2025-12-10 15:47:40","B","Rosca direta com barra reta","4","15","10","","","kg",
"2025-12-10 15:47:40","B","Rosca alternada com halter","1","9","6","","","kg",
"2025-12-10 15:47:40","B","Rosca alternada com halter","2","9","6","","","kg",
"2025-12-10 15:47:40","B","Rosca alternada com halter","3","9","6","","","kg",
"2025-12-10 15:47:40","B","Rosca alternada com halter","4","9","5","","","kg",
"2025-12-11 15:33:54","C","Agachamento com barra","1","50","12","","","kg",
"2025-12-11 15:33:54","C","Agachamento com barra","2","50","12","","","kg",
"2025-12-11 15:33:54","C","Agachamento com barra","3","50","12","","","kg",
"2025-12-11 15:33:54","C","Agachamento com barra","4","50","12","","","kg",
"2025-12-11 15:33:54","C","Leg press","1","160","12","","","kg",
"2025-12-11 15:33:54","C","Leg press","2","160","13","","","kg",
"2025-12-11 15:33:54","C","Leg press","3","160","12","","","kg",
"2025-12-11 15:33:54","C","Leg press","4","160","12","","","kg",
"2025-12-11 15:33:54","C","Extensão de pernas","1","65","13","","","kg",
"2025-12-11 15:33:54","C","Extensão de pernas","2","65","12","","","kg",
"2025-12-11 15:33:54","C","Extensão de pernas","3","65","11","","","kg",
"2025-12-11 15:33:54","C","Extensão de pernas","4","65","10","","","kg",
"2025-12-11 15:33:54","C","Flexão de pernas deitado","1","55","12","","","kg",
"2025-12-11 15:33:54","C","Flexão de pernas deitado","2","55","11","","","kg",
"2025-12-11 15:33:54","C","Flexão de pernas deitado","3","55","9","","","kg",
"2025-12-11 15:33:54","C","Flexão de pernas deitado","4","55","8","","","kg",
"2025-12-11 15:33:54","C","Panturrilha no leg press","1","8","18","","","kg",
"2025-12-11 15:33:54","C","Panturrilha no leg press","2","8","17","","","kg",
"2025-12-11 15:33:54","C","Panturrilha no leg press","3","8","16","","","kg",
"2025-12-11 15:33:54","C","Panturrilha no leg press","4","8","14","","","kg",
"2025-12-15 15:12:08","A","Supino reto com halteres","1","18","16","","","kg",
"2025-12-15 15:12:08","A","Supino reto com halteres","2","18","16","","","kg",
"2025-12-15 15:12:08","A","Supino reto com halteres","3","18","14","","","kg",
"2025-12-15 15:12:08","A","Supino reto com halteres","4","18","13","","","kg",
"2025-12-15 15:12:08","A","Supino inclinado com halteres","1","14","10","","","kg",
"2025-12-15 15:12:08","A","Supino inclinado com halteres","2","14","9","","","kg",
"2025-12-15 15:12:08","A","Supino inclinado com halteres","3","14","8","","","kg",
"2025-12-15 15:12:08","A","Supino inclinado com halteres","4","14","8","","","kg",
"2025-12-15 15:12:08","A","Crucifixo na máquina","1","10","12","","","kg",
"2025-12-15 15:12:08","A","Crucifixo na máquina","2","10","10","","","kg",
"2025-12-15 15:12:08","A","Crucifixo na máquina","3","10","9","","","kg",
"2025-12-15 15:12:08","A","Crucifixo na máquina","4","10","8","","","kg",
"2025-12-15 15:12:08","A","Elevação frontal com halteres","1","7","14","","","kg",
"2025-12-15 15:12:08","A","Elevação frontal com halteres","2","7","13","","","kg",
"2025-12-15 15:12:08","A","Elevação frontal com halteres","3","7","12","","","kg",
"2025-12-15 15:12:08","A","Elevação frontal com halteres","4","7","12","","","kg",
"2025-12-15 15:12:08","A","Mergulho de tríceps assistido","1","0","6","","","kg",
"2025-12-15 15:12:08","A","Mergulho de tríceps assistido","2","0","6","","","kg",
"2025-12-15 15:12:08","A","Mergulho de tríceps assistido","3","0","5","","","kg",
"2025-12-15 15:12:08","A","Mergulho de tríceps assistido","4","0","5","","","kg",
"2025-12-15 15:12:08","A","Tríceps pulley na polia alta","1","6","13","","","kg",
"2025-12-15 15:12:08","A","Tríceps pulley na polia alta","2","6","12","","","kg",
"2025-12-15 15:12:08","A","Tríceps pulley na polia alta","3","6","10","","","kg",
"2025-12-15 15:12:08","A","Tríceps pulley na polia alta","4","6","10","","","kg",
"2025-12-17 14:21:14","B","Puxada aberta frontal","1","11","13","","","kg",
"2025-12-17 14:21:14","B","Puxada aberta frontal","2","11","12","","","kg",
"2025-12-17 14:21:14","B","Puxada aberta frontal","3","11","10","","","kg",
"2025-12-17 14:21:14","B","Puxada aberta frontal","4","11","9","","","kg",
"2025-12-17 14:21:14","B","Remada na polia sentado","1","11","11","","","kg",
"2025-12-17 14:21:14","B","Remada na polia sentado","2","11","11","","","kg",
"2025-12-17 14:21:14","B","Remada na polia sentado","3","11","10","","","kg",
"2025-12-17 14:21:14","B","Remada na polia sentado","4","11","9","","","kg",
"2025-12-17 14:21:14","B","Puxada pela frente neutra","1","10","12","","","kg",
"2025-12-17 14:21:14","B","Puxada pela frente neutra","2","10","11","","","kg",
"2025-12-17 14:21:14","B","Puxada pela frente neutra","3","10","11","","","kg",
"2025-12-17 14:21:14","B","Puxada pela frente neutra","4","10","10","","","kg",
"2025-12-17 14:21:14","B","Elevação lateral com halteres","1","9","12","","","kg",
"2025-12-17 14:21:14","B","Elevação lateral com halteres","2","9","11","","","kg",
"2025-12-17 14:21:14","B","Elevação lateral com halteres","3","9","10","","","kg",
"2025-12-17 14:21:14","B","Elevação lateral com halteres","4","9","9","","","kg",
"2025-12-17 14:21:14","B","Rosca direta com barra reta","1","15","12","","","kg",
"2025-12-17 14:21:14","B","Rosca direta com barra reta","2","15","12","","","kg",
"2025-12-17 14:21:14","B","Rosca direta com barra reta","3","15","11","","","kg",
"2025-12-17 14:21:14","B","Rosca direta com barra reta","4","15","10","","","kg",
"2025-12-17 14:21:14","B","Rosca alternada com halter","1","7","10","","","kg",
"2025-12-17 14:21:14","B","Rosca alternada com halter","2","7","9","","","kg",
"2025-12-17 14:21:14","B","Rosca alternada com halter","3","7","9","","","kg",
"2025-12-17 14:21:14","B","Rosca alternada com halter","4","7","9","","","kg",
"2025-12-18 17:16:49","C","Agachamento com barra","1","50","13","","","kg",
"2025-12-18 17:16:49","C","Agachamento com barra","2","50","13","","","kg",
"2025-12-18 17:16:49","C","Agachamento com barra","3","50","13","","","kg",
"2025-12-18 17:16:49","C","Agachamento com barra","4","50","12","","","kg",
"2025-12-18 17:16:49","C","Leg press","1","160","13","","","kg",
"2025-12-18 17:16:49","C","Leg press","2","160","13","","","kg",
"2025-12-18 17:16:49","C","Leg press","3","160","12","","","kg",
"2025-12-18 17:16:49","C","Leg press","4","160","12","","","kg",
"2025-12-18 17:16:49","C","Extensão de pernas","1","65","12","","","kg",
"2025-12-18 17:16:49","C","Extensão de pernas","2","65","11","","","kg",
"2025-12-18 17:16:49","C","Extensão de pernas","3","65","10","","","kg",
"2025-12-18 17:16:49","C","Extensão de pernas","4","65","9","","","kg",
"2025-12-18 17:16:49","C","Flexão de pernas deitado","1","55","13","","","kg",
"2025-12-18 17:16:49","C","Flexão de pernas deitado","2","55","11","","","kg",
"2025-12-18 17:16:49","C","Flexão de pernas deitado","3","55","9","","","kg",
"2025-12-18 17:16:49","C","Panturrilha no leg press","1","8","18","","","kg",
"2025-12-18 17:16:49","C","Panturrilha no leg press","2","8","18","","","kg",
"2025-12-18 17:16:49","C","Panturrilha no leg press","3","8","16","","","kg",
"2025-12-18 17:16:49","C","Panturrilha no leg press","4","8","14","","","kg",
"2025-12-22 15:28:28","A","Supino reto com halteres","1","18","15","","","kg",
"2025-12-22 15:28:28","A","Supino reto com halteres","2","18","14","","","kg",
"2025-12-22 15:28:28","A","Supino reto com halteres","3","18","11","","","kg",
"2025-12-22 15:28:28","A","Supino reto com halteres","4","18","10","","","kg",
"2025-12-22 15:28:28","A","Supino inclinado com halteres","1","14","12","","","kg",
"2025-12-22 15:28:28","A","Supino inclinado com halteres","2","14","11","","","kg",
"2025-12-22 15:28:28","A","Supino inclinado com halteres","3","14","9","","","kg",
"2025-12-22 15:28:28","A","Supino inclinado com halteres","4","14","8","","","kg",
"2025-12-22 15:28:28","A","Crucifixo na máquina","1","10","12","","","kg",
"2025-12-22 15:28:28","A","Crucifixo na máquina","2","10","10","","","kg",
"2025-12-22 15:28:28","A","Crucifixo na máquina","3","10","9","","","kg",
"2025-12-22 15:28:28","A","Crucifixo na máquina","4","10","8","","","kg",
"2025-12-22 15:28:28","A","Elevação frontal com halteres","1","7","14","","","kg",
"2025-12-22 15:28:28","A","Elevação frontal com halteres","2","7","14","","","kg",
"2025-12-22 15:28:28","A","Elevação frontal com halteres","3","7","13","","","kg",
"2025-12-22 15:28:28","A","Elevação frontal com halteres","4","7","12","","","kg",
"2025-12-22 15:28:28","A","Mergulho de tríceps assistido","1","0","8","","","kg",
"2025-12-22 15:28:28","A","Mergulho de tríceps assistido","2","0","7","","","kg",
"2025-12-22 15:28:28","A","Mergulho de tríceps assistido","3","0","6","","","kg",
"2025-12-22 15:28:28","A","Mergulho de tríceps assistido","4","0","5","","","kg",
"2025-12-22 15:28:28","A","Tríceps pulley na polia alta","1","6","13","","","kg",
"2025-12-22 15:28:28","A","Tríceps pulley na polia alta","2","6","12","","","kg",
"2025-12-22 15:28:28","A","Tríceps pulley na polia alta","3","6","10","","","kg",
"2025-12-22 15:28:28","A","Tríceps pulley na polia alta","4","6","9","","","kg",
"2025-12-23 15:49:32","B","Puxada aberta frontal","1","11","13","","","kg",
"2025-12-23 15:49:32","B","Puxada aberta frontal","2","11","12","","","kg",
"2025-12-23 15:49:32","B","Puxada aberta frontal","3","11","11","","","kg",
"2025-12-23 15:49:32","B","Puxada aberta frontal","4","11","10","","","kg",
"2025-12-23 15:49:32","B","Remada na polia sentado","1","11","12","","","kg",
"2025-12-23 15:49:32","B","Remada na polia sentado","2","11","11","","","kg",
"2025-12-23 15:49:32","B","Remada na polia sentado","3","11","10","","","kg",
"2025-12-23 15:49:32","B","Remada na polia sentado","4","11","9","","","kg",
"2025-12-23 15:49:32","B","Puxada pela frente neutra","1","10","11","","","kg",
"2025-12-23 15:49:32","B","Puxada pela frente neutra","2","10","11","","","kg",
"2025-12-23 15:49:32","B","Puxada pela frente neutra","3","10","10","","","kg",
"2025-12-23 15:49:32","B","Puxada pela frente neutra","4","10","10","","","kg",
"2025-12-23 15:49:32","B","Elevação lateral com halteres","1","9","12","","","kg",
"2025-12-23 15:49:32","B","Elevação lateral com halteres","2","9","11","","","kg",
"2025-12-23 15:49:32","B","Elevação lateral com halteres","3","9","10","","","kg",
"2025-12-23 15:49:32","B","Elevação lateral com halteres","4","9","10","","","kg",
"2025-12-23 15:49:32","B","Rosca direta com barra reta","1","15","13","","","kg",
"2025-12-23 15:49:32","B","Rosca direta com barra reta","2","15","11","","","kg",
"2025-12-23 15:49:32","B","Rosca direta com barra reta","3","15","10","","","kg",
"2025-12-23 15:49:32","B","Rosca direta com barra reta","4","15","9","","","kg",
"2025-12-23 15:49:32","B","Rosca alternada com halter","1","7","10","","","kg",
"2025-12-23 15:49:32","B","Rosca alternada com halter","2","7","9","","","kg",
"2025-12-23 15:49:32","B","Rosca alternada com halter","3","7","8","","","kg",
"2025-12-23 15:49:32","B","Rosca alternada com halter","4","7","8","","","kg",
"2026-01-20 15:14:43","A","Supino reto com halteres","1","18","16","","","kg",
"2026-01-20 15:14:43","A","Supino reto com halteres","2","18","13","","","kg",
"2026-01-20 15:14:43","A","Supino reto com halteres","3","18","10","","","kg",
"2026-01-20 15:14:43","A","Supino reto com halteres","4","18","10","","","kg",
"2026-01-20 15:14:43","A","Supino inclinado com halteres","1","14","8","","","kg",
"2026-01-20 15:14:43","A","Supino inclinado com halteres","2","14","7","","","kg",
"2026-01-20 15:14:43","A","Supino inclinado com halteres","3","14","7","","","kg",
"2026-01-20 15:14:43","A","Supino inclinado com halteres","4","14","7","","","kg",
"2026-01-20 15:14:43","A","Crucifixo na máquina","1","9","12","","","kg",
"2026-01-20 15:14:43","A","Crucifixo na máquina","2","9","10","","","kg",
"2026-01-20 15:14:43","A","Crucifixo na máquina","3","9","9","","","kg",
"2026-01-20 15:14:43","A","Crucifixo na máquina","4","9","8","","","kg",
"2026-01-20 15:14:43","A","Elevação frontal com halteres","1","6","16","","","kg",
"2026-01-20 15:14:43","A","Elevação frontal com halteres","2","7","12","","","kg",
"2026-01-20 15:14:43","A","Elevação frontal com halteres","3","7","12","","","kg",
"2026-01-20 15:14:43","A","Elevação frontal com halteres","4","7","11","","","kg",
"2026-01-20 15:14:43","A","Mergulho de tríceps assistido","1","0","7","","","kg",
"2026-01-20 15:14:43","A","Mergulho de tríceps assistido","2","0","6","","","kg",
"2026-01-20 15:14:43","A","Mergulho de tríceps assistido","3","0","4","","","kg",
"2026-01-20 15:14:43","A","Mergulho de tríceps assistido","4","0","4","","","kg",
"2026-01-20 15:14:43","A","Tríceps pulley na polia alta","1","6","13","","","kg",
"2026-01-20 15:14:43","A","Tríceps pulley na polia alta","2","6","11","","","kg",
"2026-01-20 15:14:43","A","Tríceps pulley na polia alta","3","6","9","","","kg",
"2026-01-20 15:14:43","A","Tríceps pulley na polia alta","4","6","8","","","kg",
"2026-01-21 15:31:35","B","Puxada aberta frontal","1","11","12","","","kg",
"2026-01-21 15:31:35","B","Puxada aberta frontal","2","11","12","","","kg",
"2026-01-21 15:31:35","B","Puxada aberta frontal","3","11","10","","","kg",
"2026-01-21 15:31:35","B","Puxada aberta frontal","4","11","9","","","kg",
"2026-01-21 15:31:35","B","Remada na polia sentado","1","11","11","","","kg",
"2026-01-21 15:31:35","B","Remada na polia sentado","2","11","10","","","kg",
"2026-01-21 15:31:35","B","Remada na polia sentado","3","11","9","","","kg",
"2026-01-21 15:31:35","B","Remada na polia sentado","4","11","8","","","kg",
"2026-01-21 15:31:35","B","Puxada pela frente neutra","1","10","10","","","kg",
"2026-01-21 15:31:35","B","Puxada pela frente neutra","2","10","9","","","kg",
"2026-01-21 15:31:35","B","Puxada pela frente neutra","3","10","8","","","kg",
"2026-01-21 15:31:35","B","Puxada pela frente neutra","4","10","8","","","kg",
"2026-01-21 15:31:35","B","Elevação lateral com halteres","1","8","13","","","kg",
"2026-01-21 15:31:35","B","Elevação lateral com halteres","2","8","12","","","kg",
"2026-01-21 15:31:35","B","Elevação lateral com halteres","3","8","11","","","kg",
"2026-01-21 15:31:35","B","Elevação lateral com halteres","4","8","10","","","kg",
"2026-01-21 15:31:35","B","Rosca direta com barra reta","1","15","13","","","kg",
"2026-01-21 15:31:35","B","Rosca direta com barra reta","2","15","11","","","kg",
"2026-01-21 15:31:35","B","Rosca direta com barra reta","3","15","9","","","kg",
"2026-01-21 15:31:35","B","Rosca direta com barra reta","4","15","8","","","kg",
"2026-01-21 15:31:35","B","Rosca alternada com halter","1","7","9","","","kg",
"2026-01-21 15:31:35","B","Rosca alternada com halter","2","7","7","","","kg",
"2026-01-21 15:31:35","B","Rosca alternada com halter","3","7","7","","","kg",
"2026-01-21 15:31:35","B","Rosca alternada com halter","4","7","7","","","kg",
"2026-01-22 16:16:06","C","Agachamento com barra","1","50","12","","","kg",
"2026-01-22 16:16:06","C","Agachamento com barra","2","50","12","","","kg",
"2026-01-22 16:16:06","C","Agachamento com barra","3","50","12","","","kg",
"2026-01-22 16:16:06","C","Agachamento com barra","4","50","12","","","kg",
"2026-01-22 16:16:06","C","Leg press","1","160","14","","","kg",
"2026-01-22 16:16:06","C","Leg press","2","160","13","","","kg",
"2026-01-22 16:16:06","C","Leg press","3","160","12","","","kg",
"2026-01-22 16:16:06","C","Leg press","4","160","12","","","kg",
"2026-01-22 16:16:06","C","Extensão de pernas","1","65","13","","","kg",
"2026-01-22 16:16:06","C","Extensão de pernas","2","65","11","","","kg",
"2026-01-22 16:16:06","C","Extensão de pernas","3","65","10","","","kg",
"2026-01-22 16:16:06","C","Extensão de pernas","4","65","9","","","kg",
"2026-01-22 16:16:06","C","Flexão de pernas deitado","1","55","12","","","kg",
"2026-01-22 16:16:06","C","Flexão de pernas deitado","2","55","11","","","kg",
"2026-01-22 16:16:06","C","Flexão de pernas deitado","3","55","8","","","kg",
"2026-01-22 16:16:06","C","Flexão de pernas deitado","4","55","8","","","kg",
"2026-01-22 16:16:06","C","Panturrilha no leg press","1","8","16","","","kg",
"2026-01-22 16:16:06","C","Panturrilha no leg press","2","8","16","","","kg",
"2026-01-22 16:16:06","C","Panturrilha no leg press","3","8","16","","","kg",
"2026-01-22 16:16:06","C","Panturrilha no leg press","4","8","15","","","kg",
"2026-01-26 14:58:19","Seg","Supino reto com barra","1","20","14","","","kg",
"2026-01-26 14:58:19","Seg","Supino reto com barra","2","30","10","","","kg",
"2026-01-26 14:58:19","Seg","Supino reto com barra","3","30","7","","","kg",
"2026-01-26 14:58:19","Seg","Supino inclinado com halteres","1","14","10","","","kg",
"2026-01-26 14:58:19","Seg","Supino inclinado com halteres","2","14","10","","","kg",
"2026-01-26 14:58:19","Seg","Supino inclinado com halteres","3","14","10","","","kg",
"2026-01-26 14:58:19","Seg","Desenvolvimento Máquina ","1","20","8","","","kg",
"2026-01-26 14:58:19","Seg","Desenvolvimento Máquina ","2","20","8","","","kg",
"2026-01-26 14:58:19","Seg","Desenvolvimento Máquina ","3","17.5","10","","","kg",
"2026-01-26 14:58:19","Seg","Elevação lateral com halteres","1","8","13","","","kg",
"2026-01-26 14:58:19","Seg","Elevação lateral com halteres","2","8","12","","","kg",
"2026-01-26 14:58:19","Seg","Elevação lateral com halteres","3","8","12","","","kg",
"2026-01-26 14:58:19","Seg","Elevação lateral com halteres","4","8","12","","","kg",
"2026-01-26 14:58:19","Seg","Tríceps pulley na polia alta","1","7","12","","","kg",
"2026-01-26 14:58:19","Seg","Tríceps pulley na polia alta","2","7","11","","","kg",
"2026-01-26 14:58:19","Seg","Tríceps pulley na polia alta","3","7","10","","","kg",
"2026-01-26 14:58:19","Seg","Tríceps pulley na polia alta","4","7","10","","","kg",
"2026-01-27 15:54:26","Ter","Remada alta com barra","1","20","13","","","kg",
"2026-01-27 15:54:26","Ter","Remada alta com barra","2","20","13","","","kg",
"2026-01-27 15:54:26","Ter","Remada alta com barra","3","25","12","","","kg",
"2026-01-27 15:54:26","Ter","Remada na polia sentado","1","11","12","","","kg",
"2026-01-27 15:54:26","Ter","Remada na polia sentado","2","11","11","","","kg",
"2026-01-27 15:54:26","Ter","Remada na polia sentado","3","11","10","","","kg",
"2026-01-27 15:54:26","Ter","Remada unilateral com halter","1","16","12","","","kg",
"2026-01-27 15:54:26","Ter","Remada unilateral com halter","2","16","12","","","kg",
"2026-01-27 15:54:26","Ter","Remada unilateral com halter","3","16","11","","","kg",
"2026-01-27 15:54:26","Ter","Remada unilateral com halter","4","16","11","","","kg",
"2026-01-27 15:54:26","Ter","Voador inverso","1","8","8","","","kg",
"2026-01-27 15:54:26","Ter","Voador inverso","2","7","10","","","kg",
"2026-01-27 15:54:26","Ter","Voador inverso","3","7","9","","","kg",
"2026-01-27 15:54:26","Ter","Voador inverso","4","7","9","","","kg",
"2026-01-27 15:54:26","Ter","Rosca direta na polia","1","5","14","","","kg",
"2026-01-27 15:54:26","Ter","Rosca direta na polia","2","6","11","","","kg",
"2026-01-27 15:54:26","Ter","Rosca direta na polia","3","6","10","","","kg",
"2026-01-27 15:54:26","Ter","Rosca direta na polia","4","6","10","","","kg",
"2026-01-28 16:01:03","Qua","Agachamento hack na máquina","1","40","13","","","kg",
"2026-01-28 16:01:03","Qua","Agachamento hack na máquina","2","50","12","","","kg",
"2026-01-28 16:01:03","Qua","Agachamento hack na máquina","3","50","11","","","kg",
"2026-01-28 16:01:03","Qua","Leg press","1","160","11","","","kg",
"2026-01-28 16:01:03","Qua","Leg press","2","160","11","","","kg",
"2026-01-28 16:01:03","Qua","Leg press","3","160","11","","","kg",
"2026-01-28 16:01:03","Qua","Leg press","4","160","10","","","kg",
"2026-01-28 16:01:03","Qua","Leg press","5","160","10","","","kg",
"2026-01-28 16:01:03","Qua","Extensão de pernas","1","65","10","","","kg",
"2026-01-28 16:01:03","Qua","Extensão de pernas","2","55","9","","","kg",
"2026-01-28 16:01:03","Qua","Extensão de pernas","3","65","10","","","kg",
"2026-01-28 16:01:03","Qua","Extensão de pernas","4","45","10","","","kg",
"2026-01-28 16:01:03","Qua","Extensão de pernas","5","65","10","","","kg",
"2026-01-28 16:01:03","Qua","Extensão de pernas","6","45","10","","","kg",
"2026-01-28 16:01:03","Qua","Flexão de pernas deitado","1","35","13","","","kg",
"2026-01-28 16:01:03","Qua","Flexão de pernas deitado","2","35","12","","","kg",
"2026-01-28 16:01:03","Qua","Flexão de pernas deitado","3","35","11","","","kg",
"2026-01-28 16:01:03","Qua","Flexão de pernas deitado","4","35","10","","","kg",
"2026-01-28 16:01:03","Qua","Panturrilha no leg press","1","85","17","","","kg",
"2026-01-28 16:01:03","Qua","Panturrilha no leg press","2","85","16","","","kg",
"2026-01-28 16:01:03","Qua","Panturrilha no leg press","3","85","15","","","kg",
"2026-01-28 16:01:03","Qua","Panturrilha no leg press","4","85","14","","","kg",
"2026-01-28 16:01:03","Qua","Panturrilha no leg press","5","85","14","","","kg",
"2026-01-29 17:03:01","Qui","Supino inclinado com halteres","1","14","15","","","kg",
"2026-01-29 17:03:01","Qui","Supino inclinado com halteres","2","16","11","","","kg",
"2026-01-29 17:03:01","Qui","Supino inclinado com halteres","3","16","11","","","kg",
"2026-01-29 17:03:01","Qui","Remada curvada com barra","1","35","15","","","kg",
"2026-01-29 17:03:01","Qui","Remada curvada com barra","2","40","11","","","kg",
"2026-01-29 17:03:01","Qui","Remada curvada com barra","3","40","10","","","kg",
"2026-01-29 17:03:01","Qui","Elevação frontal com halteres","1","7","14","","","kg",
"2026-01-29 17:03:01","Qui","Elevação frontal com halteres","2","8","11","","","kg",
"2026-01-29 17:03:01","Qui","Elevação frontal com halteres","3","8","10","","","kg",
"2026-01-29 17:03:01","Qui","Elevação unilateral na polia","1","2","10","","","kg",
"2026-01-29 17:03:01","Qui","Elevação unilateral na polia","2","2","10","","","kg",
"2026-01-29 17:03:01","Qui","Elevação unilateral na polia","3","2","10","","","kg",
"2026-01-29 17:03:01","Qui","Voador inverso","1","7","10","","","kg",
"2026-01-29 17:03:01","Qui","Voador inverso","2","7","10","","","kg",
"2026-01-29 17:03:01","Qui","Voador inverso","3","7","10","","","kg",
"2026-01-31 14:32:53","Sex","Triceps Extensions With Barbell","1","4","14","","","kg",
"2026-01-31 14:32:53","Sex","Triceps Extensions With Barbell","2","5","11","","","kg",
"2026-01-31 14:32:53","Sex","Triceps Extensions With Barbell","3","5","10","","","kg",
"2026-01-31 14:32:53","Sex","Tríceps francês sentado com halter","1","14","8","","","kg",
"2026-01-31 14:32:53","Sex","Tríceps francês sentado com halter","2","12","8","","","kg",
"2026-01-31 14:32:53","Sex","Tríceps francês sentado com halter","3","12","8","","","kg",
"2026-01-31 14:32:53","Sex","Tríceps pulley na polia alta","1","4","10","","","kg",
"2026-01-31 14:32:53","Sex","Tríceps pulley na polia alta","2","4","11","","","kg",
"2026-01-31 14:32:53","Sex","Tríceps pulley na polia alta","3","4","10","","","kg",
"2026-01-31 14:32:53","Sex","Rosca direta com halter","1","8","15","","","kg",
"2026-01-31 14:32:53","Sex","Rosca direta com halter","2","10","10","","","kg",
"2026-01-31 14:32:53","Sex","Rosca direta com halter","3","10","8","","","kg",
"2026-01-31 14:32:53","Sex","Rosca Scott com barra","1","4","12","","","kg",
"2026-01-31 14:32:53","Sex","Rosca Scott com barra","2","4","10","","","kg",
"2026-01-31 14:32:53","Sex","Rosca Scott com barra","3","4","10","","","kg",
"2026-02-03 15:14:03","Seg","Supino reto com barra","1","25","14","","","kg",
"2026-02-03 15:14:03","Seg","Supino reto com barra","2","25","11","","","kg",
"2026-02-03 15:14:03","Seg","Supino reto com barra","3","25","8","","","kg",
"2026-02-03 15:14:03","Seg","Supino inclinado com halteres","1","14","11","","","kg",
"2026-02-03 15:14:03","Seg","Supino inclinado com halteres","2","14","9","","","kg",
"2026-02-03 15:14:03","Seg","Supino inclinado com halteres","3","14","9","","","kg",
"2026-02-03 15:14:03","Seg","Desenvolvimento Máquina ","1","20","10","","","kg",
"2026-02-03 15:14:03","Seg","Desenvolvimento Máquina ","2","20","9","","","kg",
"2026-02-03 15:14:03","Seg","Desenvolvimento Máquina ","3","20","9","","","kg",
"2026-02-03 15:14:03","Seg","Elevação lateral com halteres","1","8","13","","","kg",
"2026-02-03 15:14:03","Seg","Elevação lateral com halteres","2","8","12","","","kg",
"2026-02-03 15:14:03","Seg","Elevação lateral com halteres","3","8","12","","","kg",
"2026-02-03 15:14:03","Seg","Elevação lateral com halteres","4","8","11","","","kg",
"2026-02-03 15:14:03","Seg","Tríceps pulley na polia alta","1","6","14","","","kg",
"2026-02-03 15:14:03","Seg","Tríceps pulley na polia alta","2","7","12","","","kg",
"2026-02-03 15:14:03","Seg","Tríceps pulley na polia alta","3","7","11","","","kg",
"2026-02-03 15:14:03","Seg","Tríceps pulley na polia alta","4","7","10","","","kg",
"2026-02-04 15:31:55","Ter","Remada alta com barra","1","25","14","","","kg",
"2026-02-04 15:31:55","Ter","Remada alta com barra","2","30","13","","","kg",
"2026-02-04 15:31:55","Ter","Remada alta com barra","3","30","12","","","kg",
"2026-02-04 15:31:55","Ter","Remada na polia sentado","1","11","14","","","kg",
"2026-02-04 15:31:55","Ter","Remada na polia sentado","2","12","11","","","kg",
"2026-02-04 15:31:55","Ter","Remada na polia sentado","3","12","10","","","kg",
"2026-02-04 15:31:55","Ter","Remada unilateral com halter","1","16","12","","","kg",
"2026-02-04 15:31:55","Ter","Remada unilateral com halter","2","16","12","","","kg",
"2026-02-04 15:31:55","Ter","Remada unilateral com halter","3","16","11","","","kg",
"2026-02-04 15:31:55","Ter","Remada unilateral com halter","4","16","11","","","kg",
"2026-02-04 15:31:55","Ter","Voador inverso","1","6","12","","","kg",
"2026-02-04 15:31:55","Ter","Voador inverso","2","6","12","","","kg",
"2026-02-04 15:31:55","Ter","Voador inverso","3","6","11","","","kg",
"2026-02-04 15:31:55","Ter","Voador inverso","4","6","10","","","kg",
"2026-02-04 15:31:55","Ter","Rosca direta na polia","1","5","14","","","kg",
"2026-02-04 15:31:55","Ter","Rosca direta na polia","2","6","12","","","kg",
"2026-02-04 15:31:55","Ter","Rosca direta na polia","3","6","10","","","kg",
"2026-02-04 15:31:55","Ter","Rosca direta na polia","4","6","10","","","kg",
"2026-02-05 16:18:30","Qua","Agachamento hack na máquina","1","50","11","","","kg",
"2026-02-05 16:18:30","Qua","Agachamento hack na máquina","2","50","11","","","kg",
"2026-02-05 16:18:30","Qua","Agachamento hack na máquina","3","50","10","","","kg",
"2026-02-05 16:18:30","Qua","Leg press","1","160","12","","","kg",
"2026-02-05 16:18:30","Qua","Leg press","2","160","10","","","kg",
"2026-02-05 16:18:30","Qua","Leg press","3","160","10","","","kg",
"2026-02-05 16:18:30","Qua","Leg press","4","160","10","","","kg",
"2026-02-05 16:18:30","Qua","Leg press","5","160","10","","","kg",
"2026-02-05 16:18:30","Qua","Extensão de pernas","1","65","10","","","kg",
"2026-02-05 16:18:30","Qua","Extensão de pernas","2","45","9","","","kg",
"2026-02-05 16:18:30","Qua","Extensão de pernas","3","65","10","","","kg",
"2026-02-05 16:18:30","Qua","Extensão de pernas","4","45","9","","","kg",
"2026-02-05 16:18:30","Qua","Extensão de pernas","5","65","10","","","kg",
"2026-02-05 16:18:30","Qua","Extensão de pernas","6","45","9","","","kg",
"2026-02-05 16:18:30","Qua","Flexão de pernas deitado","1","35","12","","","kg",
"2026-02-05 16:18:30","Qua","Flexão de pernas deitado","2","35","11","","","kg",
"2026-02-05 16:18:30","Qua","Flexão de pernas deitado","3","35","10","","","kg",
"2026-02-05 16:18:30","Qua","Flexão de pernas deitado","4","35","10","","","kg",
"2026-02-05 16:18:30","Qua","Panturrilha no leg press","1","85","18","","","kg",
"2026-02-05 16:18:30","Qua","Panturrilha no leg press","2","85","16","","","kg",
"2026-02-05 16:18:30","Qua","Panturrilha no leg press","3","85","15","","","kg",
"2026-02-05 16:18:30","Qua","Panturrilha no leg press","4","85","14","","","kg",
"2026-02-05 16:18:30","Qua","Panturrilha no leg press","5","85","14","","","kg",
"2026-02-09 17:22:43","Seg","Supino reto com barra","1","25","12","","","kg",
"2026-02-09 17:22:43","Seg","Supino reto com barra","2","25","12","","","kg",
"2026-02-09 17:22:43","Seg","Supino reto com barra","3","25","13","","","kg",
"2026-02-09 17:22:43","Seg","Supino inclinado com halteres","1","14","10","","","kg",
"2026-02-09 17:22:43","Seg","Supino inclinado com halteres","2","14","9","","","kg",
"2026-02-09 17:22:43","Seg","Supino inclinado com halteres","3","14","11","","","kg",
"2026-02-09 17:22:43","Seg","Desenvolvimento Máquina ","1","10","9","","","kg",
"2026-02-09 17:22:43","Seg","Desenvolvimento Máquina ","2","10","9","","","kg",
"2026-02-09 17:22:43","Seg","Desenvolvimento Máquina ","3","10","10","","","kg",
"2026-02-09 17:22:43","Seg","Elevação lateral com halteres","1","8","11","","","kg",
"2026-02-09 17:22:43","Seg","Elevação lateral com halteres","2","8","12","","","kg",
"2026-02-09 17:22:43","Seg","Elevação lateral com halteres","3","8","12","","","kg",
"2026-02-09 17:22:43","Seg","Elevação lateral com halteres","4","8","12","","","kg",
"2026-02-09 17:22:43","Seg","Tríceps pulley na polia alta","1","7","13","","","kg",
"2026-02-09 17:22:43","Seg","Tríceps pulley na polia alta","2","7","12","","","kg",
"2026-02-09 17:22:43","Seg","Tríceps pulley na polia alta","3","7","11","","","kg",
"2026-02-09 17:22:43","Seg","Tríceps pulley na polia alta","4","7","10","","","kg",
"2026-02-10 17:13:34","Ter","Remada alta com barra","1","30","13","","","kg",
"2026-02-10 17:13:34","Ter","Remada alta com barra","2","30","13","","","kg",
"2026-02-10 17:13:34","Ter","Remada alta com barra","3","30","13","","","kg",
"2026-02-10 17:13:34","Ter","Remada na polia sentado","1","11","11","","","kg",
"2026-02-10 17:13:34","Ter","Remada na polia sentado","2","11","10","","","kg",
"2026-02-10 17:13:34","Ter","Remada na polia sentado","3","11","10","","","kg",
"2026-02-10 17:13:34","Ter","Remada unilateral com halter","1","16","12","","","kg",
"2026-02-10 17:13:34","Ter","Remada unilateral com halter","2","16","12","","","kg",
"2026-02-10 17:13:34","Ter","Remada unilateral com halter","3","18","11","","","kg",
"2026-02-10 17:13:34","Ter","Remada unilateral com halter","4","18","11","","","kg",
"2026-02-10 17:13:34","Ter","Voador inverso","1","6","10","","","kg",
"2026-02-10 17:13:34","Ter","Voador inverso","2","6","10","","","kg",
"2026-02-10 17:13:34","Ter","Voador inverso","3","6","9","","","kg",
"2026-02-10 17:13:34","Ter","Voador inverso","4","6","11","","","kg",
"2026-02-10 17:13:34","Ter","Rosca direta na polia","1","6","12","","","kg",
"2026-02-10 17:13:34","Ter","Rosca direta na polia","2","6","11","","","kg",
"2026-02-10 17:13:34","Ter","Rosca direta na polia","3","6","10","","","kg",
"2026-02-10 17:13:34","Ter","Rosca direta na polia","4","6","10","","","kg",
"2026-02-11 14:19:51","Qua","Agachamento hack na máquina","1","50","10","","","kg",
"2026-02-11 14:19:51","Qua","Agachamento hack na máquina","2","50","10","","","kg",
"2026-02-11 14:19:51","Qua","Agachamento hack na máquina","3","50","10","","","kg",
"2026-02-11 14:19:51","Qua","Leg press","1","160","10","","","kg",
"2026-02-11 14:19:51","Qua","Leg press","2","160","10","","","kg",
"2026-02-11 14:19:51","Qua","Leg press","3","160","10","","","kg",
"2026-02-11 14:19:51","Qua","Leg press","4","160","10","","","kg",
"2026-02-11 14:19:51","Qua","Leg press","5","160","12","","","kg",
"2026-02-11 14:19:51","Qua","Extensão de pernas","1","65","10","","","kg",
"2026-02-11 14:19:51","Qua","Extensão de pernas","2","45","9","","","kg",
"2026-02-11 14:19:51","Qua","Extensão de pernas","3","65","10","","","kg",
"2026-02-11 14:19:51","Qua","Extensão de pernas","4","45","9","","","kg",
"2026-02-11 14:19:51","Qua","Extensão de pernas","5","65","11","","","kg",
"2026-02-11 14:19:51","Qua","Extensão de pernas","6","45","9","","","kg",
"2026-02-11 14:19:51","Qua","Flexão de pernas deitado","1","35","10","","","kg",
"2026-02-11 14:19:51","Qua","Flexão de pernas deitado","2","35","10","","","kg",
"2026-02-11 14:19:51","Qua","Flexão de pernas deitado","3","35","9","","","kg",
"2026-02-11 14:19:51","Qua","Flexão de pernas deitado","4","35","9","","","kg",
"2026-02-11 14:19:51","Qua","Panturrilha no leg press","1","85","18","","","kg",
"2026-02-11 14:19:51","Qua","Panturrilha no leg press","2","85","17","","","kg",
"2026-02-11 14:19:51","Qua","Panturrilha no leg press","3","85","16","","","kg",
"2026-02-11 14:19:51","Qua","Panturrilha no leg press","4","85","14","","","kg",
"2026-02-11 14:19:51","Qua","Panturrilha no leg press","5","85","14","","","kg",
"2026-02-12 15:00:01","Qui","Supino inclinado com halteres","1","16","12","","","kg",
"2026-02-12 15:00:01","Qui","Supino inclinado com halteres","2","16","11","","","kg",
"2026-02-12 15:00:01","Qui","Supino inclinado com halteres","3","16","11","","","kg",
"2026-02-12 15:00:01","Qui","Remada curvada com barra","1","40","12","","","kg",
"2026-02-12 15:00:01","Qui","Remada curvada com barra","2","40","11","","","kg",
"2026-02-12 15:00:01","Qui","Remada curvada com barra","3","40","10","","","kg",
"2026-02-12 15:00:01","Qui","Elevação frontal com halteres","1","8","11","","","kg",
"2026-02-12 15:00:01","Qui","Elevação frontal com halteres","2","8","11","","","kg",
"2026-02-12 15:00:01","Qui","Elevação frontal com halteres","3","8","11","","","kg",
"2026-02-12 15:00:01","Qui","Elevação unilateral na polia","1","2","9","","","kg",
"2026-02-12 15:00:01","Qui","Elevação unilateral na polia","2","2","9","","","kg",
"2026-02-12 15:00:01","Qui","Elevação unilateral na polia","3","2","10","","","kg",
"2026-02-12 15:00:01","Qui","Voador inverso","1","7","10","","","kg",
"2026-02-12 15:00:01","Qui","Voador inverso","2","7","10","","","kg",
"2026-02-12 15:00:01","Qui","Voador inverso","3","7","10","","","kg",
"2026-02-18 16:15:40","Seg","Supino reto com barra","1","30","11","","","kg",
"2026-02-18 16:15:40","Seg","Supino reto com barra","2","30","10","","","kg",
"2026-02-18 16:15:40","Seg","Supino reto com barra","3","30","10","","","kg",
"2026-02-18 16:15:40","Seg","Supino inclinado com halteres","1","14","10","","","kg",
"2026-02-18 16:15:40","Seg","Supino inclinado com halteres","2","14","9","","","kg",
"2026-02-18 16:15:40","Seg","Supino inclinado com halteres","3","14","11","","","kg",
"2026-02-18 16:15:40","Seg","Desenvolvimento Máquina ","1","10","9","","","kg",
"2026-02-18 16:15:40","Seg","Desenvolvimento Máquina ","2","10","9","","","kg",
"2026-02-18 16:15:40","Seg","Desenvolvimento Máquina ","3","10","10","","","kg",
"2026-02-18 16:15:40","Seg","Elevação lateral com halteres","1","8","12","","","kg",
"2026-02-18 16:15:40","Seg","Elevação lateral com halteres","2","8","11","","","kg",
"2026-02-18 16:15:40","Seg","Elevação lateral com halteres","3","8","11","","","kg",
"2026-02-18 16:15:40","Seg","Elevação lateral com halteres","4","8","11","","","kg",
"2026-02-18 16:15:40","Seg","Tríceps pulley na polia alta","1","7","13","","","kg",
"2026-02-18 16:15:40","Seg","Tríceps pulley na polia alta","2","7","11","","","kg",
"2026-02-18 16:15:40","Seg","Tríceps pulley na polia alta","3","7","10","","","kg",
"2026-02-18 16:15:40","Seg","Tríceps pulley na polia alta","4","7","10","","","kg",
"2026-02-19 16:28:08","Ter","Remada alta com barra","1","30","13","","","kg",
"2026-02-19 16:28:08","Ter","Remada alta com barra","2","30","12","","","kg",
"2026-02-19 16:28:08","Ter","Remada alta com barra","3","30","13","","","kg",
"2026-02-19 16:28:08","Ter","Remada na polia sentado","1","11","11","","","kg",
"2026-02-19 16:28:08","Ter","Remada na polia sentado","2","11","10","","","kg",
"2026-02-19 16:28:08","Ter","Remada na polia sentado","3","11","10","","","kg",
"2026-02-19 16:28:08","Ter","Remada unilateral com halter","1","16","11","","","kg",
"2026-02-19 16:28:08","Ter","Remada unilateral com halter","2","16","11","","","kg",
"2026-02-19 16:28:08","Ter","Remada unilateral com halter","3","16","11","","","kg",
"2026-02-19 16:28:08","Ter","Remada unilateral com halter","4","16","13","","","kg",
"2026-02-19 16:28:08","Ter","Voador inverso","1","6","11","","","kg",
"2026-02-19 16:28:08","Ter","Voador inverso","2","6","10","","","kg",
"2026-02-19 16:28:08","Ter","Voador inverso","3","6","10","","","kg",
"2026-02-19 16:28:08","Ter","Voador inverso","4","6","12","","","kg",
"2026-02-19 16:28:08","Ter","Rosca direta na polia","1","6","12","","","kg",
"2026-02-19 16:28:08","Ter","Rosca direta na polia","2","6","11","","","kg",
"2026-02-19 16:28:08","Ter","Rosca direta na polia","3","6","11","","","kg",
"2026-02-19 16:28:08","Ter","Rosca direta na polia","4","6","10","","","kg",
"2026-02-20 17:18:12","Qua","Agachamento hack na máquina","1","50","11","","","kg",
"2026-02-20 17:18:12","Qua","Agachamento hack na máquina","2","50","10","","","kg",
"2026-02-20 17:18:12","Qua","Agachamento hack na máquina","3","50","10","","","kg",
"2026-02-20 17:18:12","Qua","Leg press","1","140","12","","","kg",
"2026-02-20 17:18:12","Qua","Leg press","2","140","12","","","kg",
"2026-02-20 17:18:12","Qua","Leg press","3","140","12","","","kg",
"2026-02-20 17:18:12","Qua","Leg press","4","140","12","","","kg",
"2026-02-20 17:18:12","Qua","Leg press","5","140","12","","","kg",
"2026-02-20 17:18:12","Qua","Extensão de pernas","1","65","10","","","kg",
"2026-02-20 17:18:12","Qua","Extensão de pernas","2","45","9","","","kg",
"2026-02-20 17:18:12","Qua","Extensão de pernas","3","65","10","","","kg",
"2026-02-20 17:18:12","Qua","Extensão de pernas","4","45","9","","","kg",
"2026-02-20 17:18:12","Qua","Extensão de pernas","5","65","10","","","kg",
"2026-02-20 17:18:12","Qua","Extensão de pernas","6","45","9","","","kg",
"2026-02-20 17:18:12","Qua","Flexão de pernas deitado","1","35","10","","","kg",
"2026-02-20 17:18:12","Qua","Flexão de pernas deitado","2","35","10","","","kg",
"2026-02-20 17:18:12","Qua","Flexão de pernas deitado","3","35","9","","","kg",
"2026-02-20 17:18:12","Qua","Flexão de pernas deitado","4","35","9","","","kg",
"2026-02-20 17:18:12","Qua","Panturrilha no leg press","1","85","18","","","kg",
"2026-02-20 17:18:12","Qua","Panturrilha no leg press","2","85","17","","","kg",
"2026-02-20 17:18:12","Qua","Panturrilha no leg press","3","85","15","","","kg",
"2026-02-20 17:18:12","Qua","Panturrilha no leg press","4","85","14","","","kg",
"2026-02-20 17:18:12","Qua","Panturrilha no leg press","5","85","14","","","kg",
"2026-02-23 16:54:50","Seg","Supino reto com barra","1","25","11","","","kg",
"2026-02-23 16:54:50","Seg","Supino reto com barra","2","25","11","","","kg",
"2026-02-23 16:54:50","Seg","Supino reto com barra","3","25","11","","","kg",
"2026-02-23 16:54:50","Seg","Supino inclinado com halteres","1","14","10","","","kg",
"2026-02-23 16:54:50","Seg","Supino inclinado com halteres","2","14","10","","","kg",
"2026-02-23 16:54:50","Seg","Supino inclinado com halteres","3","14","11","","","kg",
"2026-02-23 16:54:50","Seg","Desenvolvimento Máquina ","1","10","12","","","kg",
"2026-02-23 16:54:50","Seg","Desenvolvimento Máquina ","2","10","11","","","kg",
"2026-02-23 16:54:50","Seg","Desenvolvimento Máquina ","3","10","11","","","kg",
"2026-02-23 16:54:50","Seg","Elevação lateral com halteres","1","8","12","","","kg",
"2026-02-23 16:54:50","Seg","Elevação lateral com halteres","2","8","12","","","kg",
"2026-02-23 16:54:50","Seg","Elevação lateral com halteres","3","8","11","","","kg",
"2026-02-23 16:54:50","Seg","Elevação lateral com halteres","4","8","11","","","kg",
"2026-02-23 16:54:50","Seg","Tríceps pulley na polia alta","1","7","13","","","kg",
"2026-02-23 16:54:50","Seg","Tríceps pulley na polia alta","2","7","12","","","kg",
"2026-02-23 16:54:50","Seg","Tríceps pulley na polia alta","3","7","10","","","kg",
"2026-02-23 16:54:50","Seg","Tríceps pulley na polia alta","4","7","10","","","kg",
"2026-02-24 17:09:51","Ter","Remada alta com barra","1","30","13","","","kg",
"2026-02-24 17:09:51","Ter","Remada alta com barra","2","30","13","","","kg",
"2026-02-24 17:09:51","Ter","Remada alta com barra","3","30","13","","","kg",
"2026-02-24 17:09:51","Ter","Remada na polia sentado","1","11","11","","","kg",
"2026-02-24 17:09:51","Ter","Remada na polia sentado","2","11","10","","","kg",
"2026-02-24 17:09:51","Ter","Remada na polia sentado","3","11","11","","","kg",
"2026-02-24 17:09:51","Ter","Remada unilateral com halter","1","16","11","","","kg",
"2026-02-24 17:09:51","Ter","Remada unilateral com halter","2","16","11","","","kg",
"2026-02-24 17:09:51","Ter","Remada unilateral com halter","3","16","11","","","kg",
"2026-02-24 17:09:51","Ter","Remada unilateral com halter","4","16","13","","","kg",
"2026-02-24 17:09:51","Ter","Voador inverso","1","6","10","","","kg",
"2026-02-24 17:09:51","Ter","Voador inverso","2","6","10","","","kg",
"2026-02-24 17:09:51","Ter","Voador inverso","3","6","10","","","kg",
"2026-02-24 17:09:51","Ter","Voador inverso","4","6","12","","","kg",
"2026-02-24 17:09:51","Ter","Rosca direta na polia","1","6","13","","","kg",
"2026-02-24 17:09:51","Ter","Rosca direta na polia","2","6","12","","","kg",
"2026-02-24 17:09:51","Ter","Rosca direta na polia","3","6","11","","","kg",
"2026-02-24 17:09:51","Ter","Rosca direta na polia","4","6","10","","","kg",
"2026-02-25 17:13:32","Qua","Agachamento hack na máquina","1","50","12","","","kg",
"2026-02-25 17:13:32","Qua","Agachamento hack na máquina","2","50","12","","","kg",
"2026-02-25 17:13:32","Qua","Agachamento hack na máquina","3","50","11","","","kg",
"2026-02-25 17:13:32","Qua","Leg press","1","140","12","","","kg",
"2026-02-25 17:13:32","Qua","Leg press","2","140","12","","","kg",
"2026-02-25 17:13:32","Qua","Leg press","3","140","12","","","kg",
"2026-02-25 17:13:32","Qua","Leg press","4","140","12","","","kg",
"2026-02-25 17:13:32","Qua","Leg press","5","140","14","","","kg",
"2026-02-25 17:13:32","Qua","Extensão de pernas","1","65","10","","","kg",
"2026-02-25 17:13:32","Qua","Extensão de pernas","2","45","9","","","kg",
"2026-02-25 17:13:32","Qua","Extensão de pernas","3","65","10","","","kg",
"2026-02-25 17:13:32","Qua","Extensão de pernas","4","45","9","","","kg",
"2026-02-25 17:13:32","Qua","Extensão de pernas","5","65","10","","","kg",
"2026-02-25 17:13:32","Qua","Extensão de pernas","6","45","9","","","kg",
"2026-02-25 17:13:32","Qua","Flexão de pernas deitado","1","35","10","","","kg",
"2026-02-25 17:13:32","Qua","Flexão de pernas deitado","2","35","10","","","kg",
"2026-02-25 17:13:32","Qua","Flexão de pernas deitado","3","35","9","","","kg",
"2026-02-25 17:13:32","Qua","Flexão de pernas deitado","4","35","9","","","kg",
"2026-02-25 17:13:32","Qua","Panturrilha no leg press","1","85","17","","","kg",
"2026-02-25 17:13:32","Qua","Panturrilha no leg press","2","85","16","","","kg",
"2026-02-25 17:13:32","Qua","Panturrilha no leg press","3","85","15","","","kg",
"2026-02-25 17:13:32","Qua","Panturrilha no leg press","4","85","14","","","kg",
"2026-02-25 17:13:32","Qua","Panturrilha no leg press","5","85","14","","","kg",
"2026-02-26 13:39:10","Qui","Supino inclinado com halteres","1","16","12","","","kg",
"2026-02-26 13:39:10","Qui","Supino inclinado com halteres","2","16","11","","","kg",
"2026-02-26 13:39:10","Qui","Supino inclinado com halteres","3","16","11","","","kg",
"2026-02-26 13:39:10","Qui","Remada curvada com barra","1","40","10","","","kg",
"2026-02-26 13:39:10","Qui","Remada curvada com barra","2","40","10","","","kg",
"2026-02-26 13:39:10","Qui","Remada curvada com barra","3","40","10","","","kg",
"2026-02-26 13:39:10","Qui","Elevação frontal com halteres","1","8","12","","","kg",
"2026-02-26 13:39:10","Qui","Elevação frontal com halteres","2","8","11","","","kg",
"2026-02-26 13:39:10","Qui","Elevação frontal com halteres","3","8","11","","","kg",
"2026-02-26 13:39:10","Qui","Elevação unilateral na polia","1","2","10","","","kg",
"2026-02-26 13:39:10","Qui","Elevação unilateral na polia","2","2","10","","","kg",
"2026-02-26 13:39:10","Qui","Elevação unilateral na polia","3","2","10","","","kg",
"2026-02-26 13:39:10","Qui","Voador inverso","1","7","10","","","kg",
"2026-02-26 13:39:10","Qui","Voador inverso","2","7","10","","","kg",
"2026-02-26 13:39:10","Qui","Voador inverso","3","7","10","","","kg",
"2026-03-02 15:58:37","Seg","Supino reto com barra","1","25","12","","","kg",
"2026-03-02 15:58:37","Seg","Supino reto com barra","2","25","11","","","kg",
"2026-03-02 15:58:37","Seg","Supino reto com barra","3","25","11","","","kg",
"2026-03-02 15:58:37","Seg","Supino inclinado com halteres","1","14","10","","","kg",
"2026-03-02 15:58:37","Seg","Supino inclinado com halteres","2","14","9","","","kg",
"2026-03-02 15:58:37","Seg","Supino inclinado com halteres","3","14","10","","","kg",
"2026-03-02 15:58:37","Seg","Desenvolvimento Máquina ","1","10","10","","","kg",
"2026-03-02 15:58:37","Seg","Desenvolvimento Máquina ","2","10","10","","","kg",
"2026-03-02 15:58:37","Seg","Desenvolvimento Máquina ","3","10","10","","","kg",
"2026-03-02 15:58:37","Seg","Elevação lateral com halteres","1","8","12","","","kg",
"2026-03-02 15:58:37","Seg","Elevação lateral com halteres","2","8","12","","","kg",
"2026-03-02 15:58:37","Seg","Elevação lateral com halteres","3","8","11","","","kg",
"2026-03-02 15:58:37","Seg","Elevação lateral com halteres","4","8","11","","","kg",
"2026-03-02 15:58:37","Seg","Tríceps pulley na polia alta","1","7","12","","","kg",
"2026-03-02 15:58:37","Seg","Tríceps pulley na polia alta","2","7","12","","","kg",
"2026-03-02 15:58:37","Seg","Tríceps pulley na polia alta","3","7","10","","","kg",
"2026-03-02 15:58:37","Seg","Tríceps pulley na polia alta","4","7","8","","","kg",
"2026-03-03 17:30:04","Ter","Remada alta com barra","1","30","13","","","kg",
"2026-03-03 17:30:04","Ter","Remada alta com barra","2","30","13","","","kg",
"2026-03-03 17:30:04","Ter","Remada alta com barra","3","30","13","","","kg",
"2026-03-03 17:30:04","Ter","Remada na polia sentado","1","11","10","","","kg",
"2026-03-03 17:30:04","Ter","Remada na polia sentado","2","10","10","","","kg",
"2026-03-03 17:30:04","Ter","Remada na polia sentado","3","10","11","","","kg",
"2026-03-03 17:30:04","Ter","Remada unilateral com halter","1","16","13","","","kg",
"2026-03-03 17:30:04","Ter","Remada unilateral com halter","2","18","12","","","kg",
"2026-03-03 17:30:04","Ter","Remada unilateral com halter","3","18","11","","","kg",
"2026-03-03 17:30:04","Ter","Remada unilateral com halter","4","18","12","","","kg",
"2026-03-03 17:30:04","Ter","Voador inverso","1","6","10","","","kg",
"2026-03-03 17:30:04","Ter","Voador inverso","2","6","10","","","kg",
"2026-03-03 17:30:04","Ter","Voador inverso","3","6","10","","","kg",
"2026-03-03 17:30:04","Ter","Voador inverso","4","6","10","","","kg",
"2026-03-03 17:30:04","Ter","Rosca direta na polia","1","6","12","","","kg",
"2026-03-03 17:30:04","Ter","Rosca direta na polia","2","6","12","","","kg",
"2026-03-03 17:30:04","Ter","Rosca direta na polia","3","6","10","","","kg",
"2026-03-03 17:30:04","Ter","Rosca direta na polia","4","6","10","","","kg",
"2026-03-04 16:19:34","Qua","Agachamento hack na máquina","1","50","13","","","kg",
"2026-03-04 16:19:34","Qua","Agachamento hack na máquina","2","50","12","","","kg",
"2026-03-04 16:19:34","Qua","Agachamento hack na máquina","3","50","11","","","kg",
"2026-03-04 16:19:34","Qua","Leg press","1","140","12","","","kg",
"2026-03-04 16:19:34","Qua","Leg press","2","140","12","","","kg",
"2026-03-04 16:19:34","Qua","Leg press","3","140","12","","","kg",
"2026-03-04 16:19:34","Qua","Leg press","4","160","11","","","kg",
"2026-03-04 16:19:34","Qua","Leg press","5","160","13","","","kg",
"2026-03-04 16:19:34","Qua","Extensão de pernas","1","65","10","","","kg",
"2026-03-04 16:19:34","Qua","Extensão de pernas","2","45","9","","","kg",
"2026-03-04 16:19:34","Qua","Extensão de pernas","3","65","10","","","kg",
"2026-03-04 16:19:34","Qua","Extensão de pernas","4","45","8","","","kg",
"2026-03-04 16:19:34","Qua","Extensão de pernas","5","65","10","","","kg",
"2026-03-04 16:19:34","Qua","Extensão de pernas","6","45","7","","","kg",
"2026-03-04 16:19:34","Qua","Flexão de pernas deitado","1","35","11","","","kg",
"2026-03-04 16:19:34","Qua","Flexão de pernas deitado","2","35","10","","","kg",
"2026-03-04 16:19:34","Qua","Flexão de pernas deitado","3","35","9","","","kg",
"2026-03-04 16:19:34","Qua","Flexão de pernas deitado","4","35","8","","","kg",
"2026-03-04 16:19:34","Qua","Panturrilha no leg press","1","85","17","","","kg",
"2026-03-04 16:19:34","Qua","Panturrilha no leg press","2","85","16","","","kg",
"2026-03-04 16:19:34","Qua","Panturrilha no leg press","3","85","15","","","kg",
"2026-03-04 16:19:34","Qua","Panturrilha no leg press","4","85","15","","","kg",
"2026-03-04 16:19:34","Qua","Panturrilha no leg press","5","85","14","","","kg",
"2026-03-09 15:34:01","Seg","Supino reto com barra","1","25","12","","","kg",
"2026-03-09 15:34:01","Seg","Supino reto com barra","2","25","11","","","kg",
"2026-03-09 15:34:01","Seg","Supino reto com barra","3","25","11","","","kg",
"2026-03-09 15:34:01","Seg","Supino inclinado com halteres","1","14","10","","","kg",
"2026-03-09 15:34:01","Seg","Supino inclinado com halteres","2","14","9","","","kg",
"2026-03-09 15:34:01","Seg","Supino inclinado com halteres","3","14","10","","","kg",
"2026-03-09 15:34:01","Seg","Desenvolvimento Máquina ","1","10","10","","","kg",
"2026-03-09 15:34:01","Seg","Desenvolvimento Máquina ","2","10","10","","","kg",
"2026-03-09 15:34:01","Seg","Desenvolvimento Máquina ","3","10","10","","","kg",
"2026-03-09 15:34:01","Seg","Elevação lateral com halteres","1","8","12","","","kg",
"2026-03-09 15:34:01","Seg","Elevação lateral com halteres","2","8","12","","","kg",
"2026-03-09 15:34:01","Seg","Elevação lateral com halteres","3","8","12","","","kg",
"2026-03-09 15:34:01","Seg","Elevação lateral com halteres","4","8","12","","","kg",
"2026-03-09 15:34:01","Seg","Tríceps pulley na polia alta","1","7","13","","","kg",
"2026-03-09 15:34:01","Seg","Tríceps pulley na polia alta","2","7","12","","","kg",
"2026-03-09 15:34:01","Seg","Tríceps pulley na polia alta","3","7","11","","","kg",
"2026-03-09 15:34:01","Seg","Tríceps pulley na polia alta","4","7","10","","","kg",
"2026-03-11 14:43:54","Ter","Remada alta com barra","1","30","12","","","kg",
"2026-03-11 14:43:54","Ter","Remada alta com barra","2","30","13","","","kg",
"2026-03-11 14:43:54","Ter","Remada alta com barra","3","30","13","","","kg",
"2026-03-11 14:43:54","Ter","Remada na polia sentado","1","11","10","","","kg",
"2026-03-11 14:43:54","Ter","Remada na polia sentado","2","10","10","","","kg",
"2026-03-11 14:43:54","Ter","Remada na polia sentado","3","10","11","","","kg",
"2026-03-11 14:43:54","Ter","Remada unilateral com halter","1","18","12","","","kg",
"2026-03-11 14:43:54","Ter","Remada unilateral com halter","2","18","12","","","kg",
"2026-03-11 14:43:54","Ter","Remada unilateral com halter","3","18","11","","","kg",
"2026-03-11 14:43:54","Ter","Remada unilateral com halter","4","18","12","","","kg",
"2026-03-11 14:43:54","Ter","Voador inverso","1","6","10","","","kg",
"2026-03-11 14:43:54","Ter","Voador inverso","2","6","10","","","kg",
"2026-03-11 14:43:54","Ter","Voador inverso","3","6","10","","","kg",
"2026-03-11 14:43:54","Ter","Voador inverso","4","6","10","","","kg",
"2026-03-11 14:43:54","Ter","Rosca direta na polia","1","6","12","","","kg",
"2026-03-11 14:43:54","Ter","Rosca direta na polia","2","6","11","","","kg",
"2026-03-11 14:43:54","Ter","Rosca direta na polia","3","6","11","","","kg",
"2026-03-11 14:43:54","Ter","Rosca direta na polia","4","6","12","","","kg",
"2026-03-13 16:05:55","Qua","Agachamento hack na máquina","1","50","10","","","kg",
"2026-03-13 16:05:55","Qua","Agachamento hack na máquina","2","50","10","","","kg",
"2026-03-13 16:05:55","Qua","Agachamento hack na máquina","3","50","9","","","kg",
"2026-03-13 16:05:55","Qua","Leg press","1","160","12","","","kg",
"2026-03-13 16:05:55","Qua","Leg press","2","160","12","","","kg",
"2026-03-13 16:05:55","Qua","Leg press","3","160","12","","","kg",
"2026-03-13 16:05:55","Qua","Leg press","4","160","12","","","kg",
"2026-03-13 16:05:55","Qua","Leg press","5","160","13","","","kg",
"2026-03-13 16:05:55","Qua","Extensão de pernas","1","65","10","","","kg",
"2026-03-13 16:05:55","Qua","Extensão de pernas","2","45","9","","","kg",
"2026-03-13 16:05:55","Qua","Extensão de pernas","3","65","10","","","kg",
"2026-03-13 16:05:55","Qua","Extensão de pernas","4","45","9","","","kg",
"2026-03-13 16:05:55","Qua","Extensão de pernas","5","65","10","","","kg",
"2026-03-13 16:05:55","Qua","Extensão de pernas","6","45","7","","","kg",
"2026-03-13 16:05:55","Qua","Flexão de pernas deitado","1","35","10","","","kg",
"2026-03-13 16:05:55","Qua","Flexão de pernas deitado","2","35","10","","","kg",
"2026-03-13 16:05:55","Qua","Flexão de pernas deitado","3","35","9","","","kg",
"2026-03-13 16:05:55","Qua","Flexão de pernas deitado","4","35","8","","","kg",
"2026-03-13 16:05:55","Qua","Panturrilha no leg press","1","90","17","","","kg",
"2026-03-13 16:05:55","Qua","Panturrilha no leg press","2","90","16","","","kg",
"2026-03-13 16:05:55","Qua","Panturrilha no leg press","3","90","15","","","kg",
"2026-03-13 16:05:55","Qua","Panturrilha no leg press","4","90","15","","","kg",
"2026-03-13 16:05:55","Qua","Panturrilha no leg press","5","90","14","","","kg",
"2026-03-16 16:35:19","Seg","Supino reto com barra","1","25","12","","","kg",
"2026-03-16 16:35:19","Seg","Supino reto com barra","2","25","12","","","kg",
"2026-03-16 16:35:19","Seg","Supino reto com barra","3","25","12","","","kg",
"2026-03-16 16:35:19","Seg","Supino inclinado com halteres","1","14","11","","","kg",
"2026-03-16 16:35:19","Seg","Supino inclinado com halteres","2","14","10","","","kg",
"2026-03-16 16:35:19","Seg","Supino inclinado com halteres","3","14","10","","","kg",
"2026-03-16 16:35:19","Seg","Desenvolvimento Máquina ","1","10","10","","","kg",
"2026-03-16 16:35:19","Seg","Desenvolvimento Máquina ","2","10","9","","","kg",
"2026-03-16 16:35:19","Seg","Desenvolvimento Máquina ","3","10","9","","","kg",
"2026-03-16 16:35:19","Seg","Elevação lateral com halteres","1","8","12","","","kg",
"2026-03-16 16:35:19","Seg","Elevação lateral com halteres","2","8","12","","","kg",
"2026-03-16 16:35:19","Seg","Elevação lateral com halteres","3","8","11","","","kg",
"2026-03-16 16:35:19","Seg","Elevação lateral com halteres","4","8","12","","","kg",
"2026-03-16 16:35:19","Seg","Tríceps pulley na polia alta","1","7","13","","","kg",
"2026-03-16 16:35:19","Seg","Tríceps pulley na polia alta","2","7","13","","","kg",
"2026-03-16 16:35:19","Seg","Tríceps pulley na polia alta","3","7","11","","","kg",
"2026-03-16 16:35:19","Seg","Tríceps pulley na polia alta","4","7","11","","","kg",
"2026-03-17 16:00:45","Ter","Remada alta com barra","1","30","12","","","kg",
"2026-03-17 16:00:45","Ter","Remada alta com barra","2","30","12","","","kg",
"2026-03-17 16:00:45","Ter","Remada alta com barra","3","30","13","","","kg",
"2026-03-17 16:00:45","Ter","Remada na polia sentado","1","11","12","","","kg",
"2026-03-17 16:00:45","Ter","Remada na polia sentado","2","11","11","","","kg",
"2026-03-17 16:00:45","Ter","Remada na polia sentado","3","11","10","","","kg",
"2026-03-17 16:00:45","Ter","Remada unilateral com halter","1","18","12","","","kg",
"2026-03-17 16:00:45","Ter","Remada unilateral com halter","2","18","11","","","kg",
"2026-03-17 16:00:45","Ter","Remada unilateral com halter","3","18","11","","","kg",
"2026-03-17 16:00:45","Ter","Remada unilateral com halter","4","18","11","","","kg",
"2026-03-17 16:00:45","Ter","Voador inverso","1","6","10","","","kg",
"2026-03-17 16:00:45","Ter","Voador inverso","2","6","10","","","kg",
"2026-03-17 16:00:45","Ter","Voador inverso","3","6","10","","","kg",
"2026-03-17 16:00:45","Ter","Voador inverso","4","6","11","","","kg",
"2026-03-17 16:00:45","Ter","Rosca direta na polia","1","6","12","","","kg",
"2026-03-17 16:00:45","Ter","Rosca direta na polia","2","6","12","","","kg",
"2026-03-17 16:00:45","Ter","Rosca direta na polia","3","6","11","","","kg",
"2026-03-17 16:00:45","Ter","Rosca direta na polia","4","6","11","","","kg",
"2026-03-19 15:27:36","Qua","Agachamento hack na máquina","1","50","12","","","kg",
"2026-03-19 15:27:36","Qua","Agachamento hack na máquina","2","50","12","","","kg",
"2026-03-19 15:27:36","Qua","Agachamento hack na máquina","3","50","11","","","kg",
"2026-03-19 15:27:36","Qua","Leg press","1","160","12","","","kg",
"2026-03-19 15:27:36","Qua","Leg press","2","160","12","","","kg",
"2026-03-19 15:27:36","Qua","Leg press","3","160","12","","","kg",
"2026-03-19 15:27:36","Qua","Leg press","4","160","12","","","kg",
"2026-03-19 15:27:36","Qua","Leg press","5","160","13","","","kg",
"2026-03-19 15:27:36","Qua","Extensão de pernas","1","65","10","","","kg",
"2026-03-19 15:27:36","Qua","Extensão de pernas","2","45","9","","","kg",
"2026-03-19 15:27:36","Qua","Extensão de pernas","3","65","10","","","kg",
"2026-03-19 15:27:36","Qua","Extensão de pernas","4","45","9","","","kg",
"2026-03-19 15:27:36","Qua","Extensão de pernas","5","65","10","","","kg",
"2026-03-19 15:27:36","Qua","Extensão de pernas","6","45","8","","","kg",
"2026-03-19 15:27:36","Qua","Flexão de pernas deitado","1","35","11","","","kg",
"2026-03-19 15:27:36","Qua","Flexão de pernas deitado","2","35","10","","","kg",
"2026-03-19 15:27:36","Qua","Flexão de pernas deitado","3","35","9","","","kg",
"2026-03-19 15:27:36","Qua","Flexão de pernas deitado","4","35","8","","","kg",
"2026-03-19 15:27:36","Qua","Panturrilha no leg press","1","90","17","","","kg",
"2026-03-19 15:27:36","Qua","Panturrilha no leg press","2","90","17","","","kg",
"2026-03-19 15:27:36","Qua","Panturrilha no leg press","3","90","16","","","kg",
"2026-03-19 15:27:36","Qua","Panturrilha no leg press","4","90","15","","","kg",
"2026-03-19 15:27:36","Qua","Panturrilha no leg press","5","90","14","","","kg",
"2026-03-20 15:22:59","Qui","Supino inclinado com halteres","1","16","12","","","kg",
"2026-03-20 15:22:59","Qui","Supino inclinado com halteres","2","18","10","","","kg",
"2026-03-20 15:22:59","Qui","Supino inclinado com halteres","3","18","9","","","kg",
"2026-03-20 15:22:59","Qui","Remada curvada com barra","1","40","10","","","kg",
"2026-03-20 15:22:59","Qui","Remada curvada com barra","2","40","10","","","kg",
"2026-03-20 15:22:59","Qui","Remada curvada com barra","3","40","10","","","kg",
"2026-03-20 15:22:59","Qui","Elevação frontal com halteres","1","8","12","","","kg",
"2026-03-20 15:22:59","Qui","Elevação frontal com halteres","2","8","12","","","kg",
"2026-03-20 15:22:59","Qui","Elevação frontal com halteres","3","8","11","","","kg",
"2026-03-20 15:22:59","Qui","Elevação unilateral na polia","1","2","10","","","kg",
"2026-03-20 15:22:59","Qui","Elevação unilateral na polia","2","2","10","","","kg",
"2026-03-20 15:22:59","Qui","Elevação unilateral na polia","3","2","10","","","kg",
"2026-03-20 15:22:59","Qui","Voador inverso","1","7","10","","","kg",
"2026-03-20 15:22:59","Qui","Voador inverso","2","7","10","","","kg",
"2026-03-20 15:22:59","Qui","Voador inverso","3","7","10","","","kg",
"2026-03-23 17:28:50","Seg","Supino reto com barra","1","25","12","","","kg",
"2026-03-23 17:28:50","Seg","Supino reto com barra","2","25","12","","","kg",
"2026-03-23 17:28:50","Seg","Supino reto com barra","3","25","11","","","kg",
"2026-03-23 17:28:50","Seg","Supino inclinado com halteres","1","14","10","","","kg",
"2026-03-23 17:28:50","Seg","Supino inclinado com halteres","2","14","10","","","kg",
"2026-03-23 17:28:50","Seg","Supino inclinado com halteres","3","14","10","","","kg",
"2026-03-23 17:28:50","Seg","Desenvolvimento Máquina ","1","10","10","","","kg",
"2026-03-23 17:28:50","Seg","Desenvolvimento Máquina ","2","10","10","","","kg",
"2026-03-23 17:28:50","Seg","Desenvolvimento Máquina ","3","10","10","","","kg",
"2026-03-23 17:28:50","Seg","Elevação lateral com halteres","1","8","12","","","kg",
"2026-03-23 17:28:50","Seg","Elevação lateral com halteres","2","8","12","","","kg",
"2026-03-23 17:28:50","Seg","Elevação lateral com halteres","3","8","12","","","kg",
"2026-03-23 17:28:50","Seg","Elevação lateral com halteres","4","8","13","","","kg",
"2026-03-23 17:28:50","Seg","Tríceps pulley na polia alta","1","7","13","","","kg",
"2026-03-23 17:28:50","Seg","Tríceps pulley na polia alta","2","7","13","","","kg",
"2026-03-23 17:28:50","Seg","Tríceps pulley na polia alta","3","7","12","","","kg",
"2026-03-23 17:28:50","Seg","Tríceps pulley na polia alta","4","7","11","","","kg",
"2026-03-24 15:11:46","Ter","Remada alta com barra","1","30","12","","","kg",
"2026-03-24 15:11:46","Ter","Remada alta com barra","2","30","12","","","kg",
"2026-03-24 15:11:46","Ter","Remada alta com barra","3","30","13","","","kg",
"2026-03-24 15:11:46","Ter","Remada na polia sentado","1","11","12","","","kg",
"2026-03-24 15:11:46","Ter","Remada na polia sentado","2","11","11","","","kg",
"2026-03-24 15:11:46","Ter","Remada na polia sentado","3","11","11","","","kg",
"2026-03-24 15:11:46","Ter","Remada unilateral com halter","1","18","11","","","kg",
"2026-03-24 15:11:46","Ter","Remada unilateral com halter","2","18","11","","","kg",
"2026-03-24 15:11:46","Ter","Remada unilateral com halter","3","18","11","","","kg",
"2026-03-24 15:11:46","Ter","Remada unilateral com halter","4","18","11","","","kg",
"2026-03-24 15:11:46","Ter","Voador inverso","1","6","11","","","kg",
"2026-03-24 15:11:46","Ter","Voador inverso","2","6","11","","","kg",
"2026-03-24 15:11:46","Ter","Voador inverso","3","6","11","","","kg",
"2026-03-24 15:11:46","Ter","Voador inverso","4","6","11","","","kg",
"2026-03-24 15:11:46","Ter","Rosca direta na polia","1","6","13","","","kg",
"2026-03-24 15:11:46","Ter","Rosca direta na polia","2","6","12","","","kg",
"2026-03-24 15:11:46","Ter","Rosca direta na polia","3","6","11","","","kg",
"2026-03-24 15:11:46","Ter","Rosca direta na polia","4","6","11","","","kg",
"2026-03-26 16:45:19","Qua","Agachamento hack na máquina","1","60","12","","","kg",
"2026-03-26 16:45:19","Qua","Agachamento hack na máquina","2","60","11","","","kg",
"2026-03-26 16:45:19","Qua","Agachamento hack na máquina","3","60","10","","","kg",
"2026-03-26 16:45:19","Qua","Leg press","1","180","10","","","kg",
"2026-03-26 16:45:19","Qua","Leg press","2","180","10","","","kg",
"2026-03-26 16:45:19","Qua","Leg press","3","180","10","","","kg",
"2026-03-26 16:45:19","Qua","Leg press","4","180","10","","","kg",
"2026-03-26 16:45:19","Qua","Leg press","5","180","12","","","kg",
"2026-03-26 16:45:19","Qua","Extensão de pernas","1","65","10","","","kg",
"2026-03-26 16:45:19","Qua","Extensão de pernas","2","45","9","","","kg",
"2026-03-26 16:45:19","Qua","Extensão de pernas","3","65","10","","","kg",
"2026-03-26 16:45:19","Qua","Extensão de pernas","4","45","8","","","kg",
"2026-03-26 16:45:19","Qua","Extensão de pernas","5","65","10","","","kg",
"2026-03-26 16:45:19","Qua","Extensão de pernas","6","45","8","","","kg",
"2026-03-26 16:45:19","Qua","Flexão de pernas deitado","1","35","11","","","kg",
"2026-03-26 16:45:19","Qua","Flexão de pernas deitado","2","35","10","","","kg",
"2026-03-26 16:45:19","Qua","Flexão de pernas deitado","3","35","9","","","kg",
"2026-03-26 16:45:19","Qua","Flexão de pernas deitado","4","35","8","","","kg",
"2026-03-26 16:45:19","Qua","Panturrilha no leg press","1","90","18","","","kg",
"2026-03-26 16:45:19","Qua","Panturrilha no leg press","2","100","15","","","kg",
"2026-03-26 16:45:19","Qua","Panturrilha no leg press","3","100","14","","","kg",
"2026-03-26 16:45:19","Qua","Panturrilha no leg press","4","100","14","","","kg",
"2026-03-26 16:45:19","Qua","Panturrilha no leg press","5","100","14","","","kg",
"2026-03-30 16:07:18","Seg","Supino reto com barra","1","25","14","","","kg",
"2026-03-30 16:07:18","Seg","Supino reto com barra","2","25","12","","","kg",
"2026-03-30 16:07:18","Seg","Supino reto com barra","3","25","11","","","kg",
"2026-03-30 16:07:18","Seg","Supino inclinado com halteres","1","14","10","","","kg",
"2026-03-30 16:07:18","Seg","Supino inclinado com halteres","2","14","12","","","kg",
"2026-03-30 16:07:18","Seg","Supino inclinado com halteres","3","16","10","","","kg",
"2026-03-30 16:07:18","Seg","Desenvolvimento Máquina ","1","10","9","","","kg",
"2026-03-30 16:07:18","Seg","Desenvolvimento Máquina ","2","10","9","","","kg",
"2026-03-30 16:07:18","Seg","Desenvolvimento Máquina ","3","10","9","","","kg",
"2026-03-30 16:07:18","Seg","Elevação lateral com halteres","1","8","13","","","kg",
"2026-03-30 16:07:18","Seg","Elevação lateral com halteres","2","8","12","","","kg",
"2026-03-30 16:07:18","Seg","Elevação lateral com halteres","3","8","12","","","kg",
"2026-03-30 16:07:18","Seg","Elevação lateral com halteres","4","8","12","","","kg",
"2026-03-30 16:07:18","Seg","Tríceps pulley na polia alta","1","7","13","","","kg",
"2026-03-30 16:07:18","Seg","Tríceps pulley na polia alta","2","8","12","","","kg",
"2026-03-30 16:07:18","Seg","Tríceps pulley na polia alta","3","8","11","","","kg",
"2026-03-30 16:07:18","Seg","Tríceps pulley na polia alta","4","8","11","","","kg",
"2026-03-31 16:19:23","Ter","Remada alta com barra","1","30","12","","","kg",
"2026-03-31 16:19:23","Ter","Remada alta com barra","2","30","12","","","kg",
"2026-03-31 16:19:23","Ter","Remada alta com barra","3","30","13","","","kg",
"2026-03-31 16:19:23","Ter","Remada na polia sentado","1","11","12","","","kg",
"2026-03-31 16:19:23","Ter","Remada na polia sentado","2","11","11","","","kg",
"2026-03-31 16:19:23","Ter","Remada na polia sentado","3","11","11","","","kg",
"2026-03-31 16:19:23","Ter","Remada unilateral com halter","1","18","11","","","kg",
"2026-03-31 16:19:23","Ter","Remada unilateral com halter","2","18","11","","","kg",
"2026-03-31 16:19:23","Ter","Remada unilateral com halter","3","18","11","","","kg",
"2026-03-31 16:19:23","Ter","Remada unilateral com halter","4","18","13","","","kg",
"2026-03-31 16:19:23","Ter","Voador inverso","1","6","11","","","kg",
"2026-03-31 16:19:23","Ter","Voador inverso","2","6","11","","","kg",
"2026-03-31 16:19:23","Ter","Voador inverso","3","6","11","","","kg",
"2026-03-31 16:19:23","Ter","Voador inverso","4","6","11","","","kg",
"2026-03-31 16:19:23","Ter","Rosca direta na polia","1","7","12","","","kg",
"2026-03-31 16:19:23","Ter","Rosca direta na polia","2","7","11","","","kg",
"2026-03-31 16:19:23","Ter","Rosca direta na polia","3","7","10","","","kg",
"2026-03-31 16:19:23","Ter","Rosca direta na polia","4","7","9","","","kg",
"2026-04-02 16:25:11","Qua","Agachamento hack na máquina","1","60","11","","","kg",
"2026-04-02 16:25:11","Qua","Agachamento hack na máquina","2","60","11","","","kg",
"2026-04-02 16:25:11","Qua","Agachamento hack na máquina","3","60","10","","","kg",
"2026-04-02 16:25:11","Qua","Leg press","1","180","12","","","kg",
"2026-04-02 16:25:11","Qua","Leg press","2","180","12","","","kg",
"2026-04-02 16:25:11","Qua","Leg press","3","180","11","","","kg",
"2026-04-02 16:25:11","Qua","Leg press","4","180","11","","","kg",
"2026-04-02 16:25:11","Qua","Leg press","5","180","12","","","kg",
"2026-04-02 16:25:11","Qua","Extensão de pernas","1","65","10","","","kg",
"2026-04-02 16:25:11","Qua","Extensão de pernas","2","45","9","","","kg",
"2026-04-02 16:25:11","Qua","Extensão de pernas","3","65","10","","","kg",
"2026-04-02 16:25:11","Qua","Extensão de pernas","4","45","9","","","kg",
"2026-04-02 16:25:11","Qua","Extensão de pernas","5","65","10","","","kg",
"2026-04-02 16:25:11","Qua","Extensão de pernas","6","45","8","","","kg",
"2026-04-02 16:25:11","Qua","Flexão de pernas deitado","1","35","11","","","kg",
"2026-04-02 16:25:11","Qua","Flexão de pernas deitado","2","35","10","","","kg",
"2026-04-02 16:25:11","Qua","Flexão de pernas deitado","3","35","9","","","kg",
"2026-04-02 16:25:11","Qua","Flexão de pernas deitado","4","35","9","","","kg",
"2026-04-02 16:25:11","Qua","Panturrilha no leg press","1","100","16","","","kg",
"2026-04-02 16:25:11","Qua","Panturrilha no leg press","2","100","15","","","kg",
"2026-04-02 16:25:11","Qua","Panturrilha no leg press","3","100","14","","","kg",
"2026-04-02 16:25:11","Qua","Panturrilha no leg press","4","100","14","","","kg",
"2026-04-02 16:25:11","Qua","Panturrilha no leg press","5","100","14","","","kg",
"2026-04-06 17:18:10","Seg","Supino reto com barra","1","25","13","","","kg",
"2026-04-06 17:18:10","Seg","Supino reto com barra","2","25","13","","","kg",
"2026-04-06 17:18:10","Seg","Supino reto com barra","3","30","10","","","kg",
"2026-04-06 17:18:10","Seg","Supino inclinado com halteres","1","14","10","","","kg",
"2026-04-06 17:18:10","Seg","Supino inclinado com halteres","2","14","10","","","kg",
"2026-04-06 17:18:10","Seg","Supino inclinado com halteres","3","14","10","","","kg",
"2026-04-06 17:18:10","Seg","Desenvolvimento Máquina ","1","10","9","","","kg",
"2026-04-06 17:18:10","Seg","Desenvolvimento Máquina ","2","10","9","","","kg",
"2026-04-06 17:18:10","Seg","Desenvolvimento Máquina ","3","10","9","","","kg",
"2026-04-06 17:18:10","Seg","Elevação lateral com halteres","1","8","12","","","kg",
"2026-04-06 17:18:10","Seg","Elevação lateral com halteres","2","8","12","","","kg",
"2026-04-06 17:18:10","Seg","Elevação lateral com halteres","3","8","12","","","kg",
"2026-04-06 17:18:10","Seg","Elevação lateral com halteres","4","8","12","","","kg",
"2026-04-06 17:18:10","Seg","Tríceps pulley na polia alta","1","7","13","","","kg",
"2026-04-06 17:18:10","Seg","Tríceps pulley na polia alta","2","8","12","","","kg",
"2026-04-06 17:18:10","Seg","Tríceps pulley na polia alta","3","8","11","","","kg",
"2026-04-06 17:18:10","Seg","Tríceps pulley na polia alta","4","8","11","","","kg",
"2026-04-08 17:29:05","Ter","Remada alta com barra","1","30","12","","","kg",
"2026-04-08 17:29:05","Ter","Remada alta com barra","2","30","12","","","kg",
"2026-04-08 17:29:05","Ter","Remada alta com barra","3","30","14","","","kg",
"2026-04-08 17:29:05","Ter","Remada na polia sentado","1","11","12","","","kg",
"2026-04-08 17:29:05","Ter","Remada na polia sentado","2","11","11","","","kg",
"2026-04-08 17:29:05","Ter","Remada na polia sentado","3","11","11","","","kg",
"2026-04-08 17:29:05","Ter","Remada unilateral com halter","1","18","11","","","kg",
"2026-04-08 17:29:05","Ter","Remada unilateral com halter","2","18","11","","","kg",
"2026-04-08 17:29:05","Ter","Remada unilateral com halter","3","18","11","","","kg",
"2026-04-08 17:29:05","Ter","Remada unilateral com halter","4","18","11","","","kg",
"2026-04-08 17:29:05","Ter","Voador inverso","1","6","11","","","kg",
"2026-04-08 17:29:05","Ter","Voador inverso","2","6","11","","","kg",
"2026-04-08 17:29:05","Ter","Voador inverso","3","6","11","","","kg",
"2026-04-08 17:29:05","Ter","Voador inverso","4","6","11","","","kg",
"2026-04-08 17:29:05","Ter","Rosca direta na polia","1","7","12","","","kg",
"2026-04-08 17:29:05","Ter","Rosca direta na polia","2","7","11","","","kg",
"2026-04-08 17:29:05","Ter","Rosca direta na polia","3","7","9","","","kg",
"2026-04-08 17:29:05","Ter","Rosca direta na polia","4","7","8","","","kg",
"2026-04-09 17:10:25","Qua","Agachamento hack na máquina","1","60","10","","","kg",
"2026-04-09 17:10:25","Qua","Agachamento hack na máquina","2","60","10","","","kg",
"2026-04-09 17:10:25","Qua","Agachamento hack na máquina","3","60","10","","","kg",
"2026-04-09 17:10:25","Qua","Leg press","1","180","12","","","kg",
"2026-04-09 17:10:25","Qua","Leg press","2","180","12","","","kg",
"2026-04-09 17:10:25","Qua","Leg press","3","180","12","","","kg",
"2026-04-09 17:10:25","Qua","Leg press","4","180","12","","","kg",
"2026-04-09 17:10:25","Qua","Leg press","5","180","13","","","kg",
"2026-04-09 17:10:25","Qua","Extensão de pernas","1","65","10","","","kg",
"2026-04-09 17:10:25","Qua","Extensão de pernas","2","45","9","","","kg",
"2026-04-09 17:10:25","Qua","Extensão de pernas","3","65","10","","","kg",
"2026-04-09 17:10:25","Qua","Extensão de pernas","4","45","9","","","kg",
"2026-04-09 17:10:25","Qua","Extensão de pernas","5","65","10","","","kg",
"2026-04-09 17:10:25","Qua","Extensão de pernas","6","45","8","","","kg",
"2026-04-09 17:10:25","Qua","Flexão de pernas deitado","1","35","11","","","kg",
"2026-04-09 17:10:25","Qua","Flexão de pernas deitado","2","35","10","","","kg",
"2026-04-09 17:10:25","Qua","Flexão de pernas deitado","3","35","9","","","kg",
"2026-04-09 17:10:25","Qua","Flexão de pernas deitado","4","35","9","","","kg",
"2026-04-09 17:10:25","Qua","Panturrilha no leg press","1","100","16","","","kg",
"2026-04-09 17:10:25","Qua","Panturrilha no leg press","2","100","15","","","kg",
"2026-04-09 17:10:25","Qua","Panturrilha no leg press","3","100","14","","","kg",
"2026-04-09 17:10:25","Qua","Panturrilha no leg press","4","100","14","","","kg",
"2026-04-09 17:10:25","Qua","Panturrilha no leg press","5","100","14","","","kg",
"2026-04-10 15:29:53","Qui","Supino inclinado com halteres","1","16","13","","","kg",
"2026-04-10 15:29:53","Qui","Supino inclinado com halteres","2","18","10","","","kg",
"2026-04-10 15:29:53","Qui","Supino inclinado com halteres","3","18","10","","","kg",
"2026-04-10 15:29:53","Qui","Remada curvada com barra","1","40","12","","","kg",
"2026-04-10 15:29:53","Qui","Remada curvada com barra","2","40","11","","","kg",
"2026-04-10 15:29:53","Qui","Remada curvada com barra","3","40","10","","","kg",
"2026-04-10 15:29:53","Qui","Elevação frontal com halteres","1","8","12","","","kg",
"2026-04-10 15:29:53","Qui","Elevação frontal com halteres","2","8","12","","","kg",
"2026-04-10 15:29:53","Qui","Elevação frontal com halteres","3","8","12","","","kg",
"2026-04-10 15:29:53","Qui","Elevação unilateral na polia","1","2","10","","","kg",
"2026-04-10 15:29:53","Qui","Elevação unilateral na polia","2","2","10","","","kg",
"2026-04-10 15:29:53","Qui","Elevação unilateral na polia","3","2","10","","","kg",
"2026-04-10 15:29:53","Qui","Voador inverso","1","7","11","","","kg",
"2026-04-10 15:29:53","Qui","Voador inverso","2","7","10","","","kg",
"2026-04-10 15:29:53","Qui","Voador inverso","3","7","10","","","kg",
"2026-04-13 17:45:58","Seg","Supino reto com barra","1","25","12","","","kg",
"2026-04-13 17:45:58","Seg","Supino reto com barra","2","30","10","","","kg",
"2026-04-13 17:45:58","Seg","Supino reto com barra","3","30","10","","","kg",
"2026-04-13 17:45:58","Seg","Supino inclinado com halteres","1","14","11","","","kg",
"2026-04-13 17:45:58","Seg","Supino inclinado com halteres","2","14","10","","","kg",
"2026-04-13 17:45:58","Seg","Supino inclinado com halteres","3","14","10","","","kg",
"2026-04-13 17:45:58","Seg","Desenvolvimento Máquina ","1","10","10","","","kg",
"2026-04-13 17:45:58","Seg","Desenvolvimento Máquina ","2","10","10","","","kg",
"2026-04-13 17:45:58","Seg","Desenvolvimento Máquina ","3","10","10","","","kg",
"2026-04-13 17:45:58","Seg","Elevação lateral com halteres","1","9","12","","","kg",
"2026-04-13 17:45:58","Seg","Elevação lateral com halteres","2","9","12","","","kg",
"2026-04-13 17:45:58","Seg","Elevação lateral com halteres","3","9","11","","","kg",
"2026-04-13 17:45:58","Seg","Elevação lateral com halteres","4","9","12","","","kg",
"2026-04-13 17:45:58","Seg","Tríceps pulley na polia alta","1","8","13","","","kg",
"2026-04-13 17:45:58","Seg","Tríceps pulley na polia alta","2","8","12","","","kg",
"2026-04-13 17:45:58","Seg","Tríceps pulley na polia alta","3","8","11","","","kg",
"2026-04-13 17:45:58","Seg","Tríceps pulley na polia alta","4","8","9","","","kg",
"2026-04-14 16:19:32","Ter","Remada alta com barra","1","35","12","","","kg",
"2026-04-14 16:19:32","Ter","Remada alta com barra","2","35","12","","","kg",
"2026-04-14 16:19:32","Ter","Remada alta com barra","3","35","12","","","kg",
"2026-04-14 16:19:32","Ter","Remada na polia sentado","1","11","12","","","kg",
"2026-04-14 16:19:32","Ter","Remada na polia sentado","2","11","11","","","kg",
"2026-04-14 16:19:32","Ter","Remada na polia sentado","3","11","11","","","kg",
"2026-04-14 16:19:32","Ter","Remada unilateral com halter","1","18","11","","","kg",
"2026-04-14 16:19:32","Ter","Remada unilateral com halter","2","18","10","","","kg",
"2026-04-14 16:19:32","Ter","Remada unilateral com halter","3","18","10","","","kg",
"2026-04-14 16:19:32","Ter","Remada unilateral com halter","4","18","10","","","kg",
"2026-04-14 16:19:32","Ter","Voador inverso","1","7","10","","","kg",
"2026-04-14 16:19:32","Ter","Voador inverso","2","7","10","","","kg",
"2026-04-14 16:19:32","Ter","Voador inverso","3","7","10","","","kg",
"2026-04-14 16:19:32","Ter","Voador inverso","4","7","10","","","kg",
"2026-04-14 16:19:32","Ter","Rosca direta na polia","1","7","12","","","kg",
"2026-04-14 16:19:32","Ter","Rosca direta na polia","2","7","11","","","kg",
"2026-04-14 16:19:32","Ter","Rosca direta na polia","3","7","9","","","kg",
"2026-04-14 16:19:32","Ter","Rosca direta na polia","4","7","9","","","kg",
"2026-04-16 16:17:40","Qua","Agachamento hack na máquina","1","60","10","","","kg",
"2026-04-16 16:17:40","Qua","Agachamento hack na máquina","2","60","10","","","kg",
"2026-04-16 16:17:40","Qua","Agachamento hack na máquina","3","60","10","","","kg",
"2026-04-16 16:17:40","Qua","Leg press","1","180","12","","","kg",
"2026-04-16 16:17:40","Qua","Leg press","2","180","12","","","kg",
"2026-04-16 16:17:40","Qua","Leg press","3","180","12","","","kg",
"2026-04-16 16:17:40","Qua","Leg press","4","180","12","","","kg",
"2026-04-16 16:17:40","Qua","Leg press","5","180","13","","","kg",
"2026-04-16 16:17:40","Qua","Extensão de pernas","1","65","10","","","kg",
"2026-04-16 16:17:40","Qua","Extensão de pernas","2","45","9","","","kg",
"2026-04-16 16:17:40","Qua","Extensão de pernas","3","65","10","","","kg",
"2026-04-16 16:17:40","Qua","Extensão de pernas","4","45","9","","","kg",
"2026-04-16 16:17:40","Qua","Extensão de pernas","5","65","10","","","kg",
"2026-04-16 16:17:40","Qua","Extensão de pernas","6","45","8","","","kg",
"2026-04-16 16:17:40","Qua","Flexão de pernas deitado","1","35","11","","","kg",
"2026-04-16 16:17:40","Qua","Flexão de pernas deitado","2","35","10","","","kg",
"2026-04-16 16:17:40","Qua","Flexão de pernas deitado","3","35","9","","","kg",
"2026-04-16 16:17:40","Qua","Flexão de pernas deitado","4","35","8","","","kg",
"2026-04-16 16:17:40","Qua","Panturrilha no leg press","1","100","16","","","kg",
"2026-04-16 16:17:40","Qua","Panturrilha no leg press","2","100","15","","","kg",
"2026-04-16 16:17:40","Qua","Panturrilha no leg press","3","100","15","","","kg",
"2026-04-16 16:17:40","Qua","Panturrilha no leg press","4","100","14","","","kg",
"2026-04-16 16:17:40","Qua","Panturrilha no leg press","5","100","14","","","kg",
"2026-04-17 15:56:28","Qui","Supino inclinado com halteres","1","18","12","","","kg",
"2026-04-17 15:56:28","Qui","Supino inclinado com halteres","2","18","11","","","kg",
"2026-04-17 15:56:28","Qui","Supino inclinado com halteres","3","18","11","","","kg",
"2026-04-17 15:56:28","Qui","Remada curvada com barra","1","40","11","","","kg",
"2026-04-17 15:56:28","Qui","Remada curvada com barra","2","40","11","","","kg",
"2026-04-17 15:56:28","Qui","Remada curvada com barra","3","40","10","","","kg",
"2026-04-17 15:56:28","Qui","Elevação frontal com halteres","1","8","12","","","kg",
"2026-04-17 15:56:28","Qui","Elevação frontal com halteres","2","8","12","","","kg",
"2026-04-17 15:56:28","Qui","Elevação frontal com halteres","3","8","12","","","kg",
"2026-04-17 15:56:28","Qui","Elevação unilateral na polia","1","2","10","","","kg",
"2026-04-17 15:56:28","Qui","Elevação unilateral na polia","2","2","10","","","kg",
"2026-04-17 15:56:28","Qui","Elevação unilateral na polia","3","2","10","","","kg",
"2026-04-17 15:56:28","Qui","Voador inverso","1","7","10","","","kg",
"2026-04-17 15:56:28","Qui","Voador inverso","2","7","10","","","kg",
"2026-04-17 15:56:28","Qui","Voador inverso","3","7","11","","","kg",
"2026-04-20 17:01:13","Seg","Supino reto com barra","1","25","12","","","kg",
"2026-04-20 17:01:13","Seg","Supino reto com barra","2","30","10","","","kg",
"2026-04-20 17:01:13","Seg","Supino reto com barra","3","30","9","","","kg",
"2026-04-20 17:01:13","Seg","Supino inclinado com halteres","1","14","11","","","kg",
"2026-04-20 17:01:13","Seg","Supino inclinado com halteres","2","14","10","","","kg",
"2026-04-20 17:01:13","Seg","Supino inclinado com halteres","3","14","10","","","kg",
"2026-04-20 17:01:13","Seg","Desenvolvimento Máquina ","1","10","12","","","kg",
"2026-04-20 17:01:13","Seg","Desenvolvimento Máquina ","2","10","10","","","kg",
"2026-04-20 17:01:13","Seg","Desenvolvimento Máquina ","3","10","10","","","kg",
"2026-04-20 17:01:13","Seg","Elevação lateral com halteres","1","9","11","","","kg",
"2026-04-20 17:01:13","Seg","Elevação lateral com halteres","2","9","11","","","kg",
"2026-04-20 17:01:13","Seg","Elevação lateral com halteres","3","9","11","","","kg",
"2026-04-20 17:01:13","Seg","Elevação lateral com halteres","4","9","11","","","kg",
"2026-04-20 17:01:13","Seg","Tríceps pulley na polia alta","1","8","12","","","kg",
"2026-04-20 17:01:13","Seg","Tríceps pulley na polia alta","2","8","12","","","kg",
"2026-04-20 17:01:13","Seg","Tríceps pulley na polia alta","3","8","10","","","kg",
"2026-04-20 17:01:13","Seg","Tríceps pulley na polia alta","4","8","9","","","kg",
"2026-04-22 16:57:24","Ter","Remada alta com barra","1","40","10","","","kg",
"2026-04-22 16:57:24","Ter","Remada alta com barra","2","40","10","","","kg",
"2026-04-22 16:57:24","Ter","Remada alta com barra","3","40","10","","","kg",
"2026-04-22 16:57:24","Ter","Remada na polia sentado","1","11","10","","","kg",
"2026-04-22 16:57:24","Ter","Remada na polia sentado","2","11","10","","","kg",
"2026-04-22 16:57:24","Ter","Remada na polia sentado","3","11","10","","","kg",
"2026-04-22 16:57:24","Ter","Remada unilateral com halter","1","18","12","","","kg",
"2026-04-22 16:57:24","Ter","Remada unilateral com halter","2","20","11","","","kg",
"2026-04-22 16:57:24","Ter","Remada unilateral com halter","3","20","10","","","kg",
"2026-04-22 16:57:24","Ter","Remada unilateral com halter","4","20","10","","","kg",
"2026-04-22 16:57:24","Ter","Voador inverso","1","7","11","","","kg",
"2026-04-22 16:57:24","Ter","Voador inverso","2","7","11","","","kg",
"2026-04-22 16:57:24","Ter","Voador inverso","3","7","11","","","kg",
"2026-04-22 16:57:24","Ter","Voador inverso","4","7","11","","","kg",
"2026-04-22 16:57:24","Ter","Rosca direta na polia","1","7","12","","","kg",
"2026-04-22 16:57:24","Ter","Rosca direta na polia","2","7","10","","","kg",
"2026-04-22 16:57:24","Ter","Rosca direta na polia","3","7","9","","","kg",
"2026-04-22 16:57:24","Ter","Rosca direta na polia","4","7","9","","","kg",
"2026-04-23 16:10:49","Qua","Agachamento hack na máquina","1","60","10","","","kg",
"2026-04-23 16:10:49","Qua","Agachamento hack na máquina","2","60","10","","","kg",
"2026-04-23 16:10:49","Qua","Agachamento hack na máquina","3","60","10","","","kg",
"2026-04-23 16:10:49","Qua","Leg press","1","180","12","","","kg",
"2026-04-23 16:10:49","Qua","Leg press","2","180","12","","","kg",
"2026-04-23 16:10:49","Qua","Leg press","3","180","12","","","kg",
"2026-04-23 16:10:49","Qua","Leg press","4","180","12","","","kg",
"2026-04-23 16:10:49","Qua","Leg press","5","180","13","","","kg",
"2026-04-23 16:10:49","Qua","Extensão de pernas","1","65","10","","","kg",
"2026-04-23 16:10:49","Qua","Extensão de pernas","2","45","10","","","kg",
"2026-04-23 16:10:49","Qua","Extensão de pernas","3","65","10","","","kg",
"2026-04-23 16:10:49","Qua","Extensão de pernas","4","45","9","","","kg",
"2026-04-23 16:10:49","Qua","Extensão de pernas","5","65","10","","","kg",
"2026-04-23 16:10:49","Qua","Extensão de pernas","6","45","8","","","kg",
"2026-04-23 16:10:49","Qua","Flexão de pernas deitado","1","35","11","","","kg",
"2026-04-23 16:10:49","Qua","Flexão de pernas deitado","2","35","10","","","kg",
"2026-04-23 16:10:49","Qua","Flexão de pernas deitado","3","35","9","","","kg",
"2026-04-23 16:10:49","Qua","Flexão de pernas deitado","4","35","8","","","kg",
"2026-04-23 16:10:49","Qua","Panturrilha no leg press","1","100","16","","","kg",
"2026-04-23 16:10:49","Qua","Panturrilha no leg press","2","100","15","","","kg",
"2026-04-23 16:10:49","Qua","Panturrilha no leg press","3","100","15","","","kg",
"2026-04-23 16:10:49","Qua","Panturrilha no leg press","4","100","14","","","kg",
"2026-04-23 16:10:49","Qua","Panturrilha no leg press","5","100","14","","","kg",
"2026-04-27 18:10:10","Seg","Supino reto com barra","1","25","13","","","kg",
"2026-04-27 18:10:10","Seg","Supino reto com barra","2","30","10","","","kg",
"2026-04-27 18:10:10","Seg","Supino reto com barra","3","30","11","","","kg",
"2026-04-27 18:10:10","Seg","Supino inclinado com halteres","1","14","11","","","kg",
"2026-04-27 18:10:10","Seg","Supino inclinado com halteres","2","14","10","","","kg",
"2026-04-27 18:10:10","Seg","Supino inclinado com halteres","3","14","10","","","kg",
"2026-04-27 18:10:10","Seg","Desenvolvimento Máquina ","1","10","10","","","kg",
"2026-04-27 18:10:10","Seg","Desenvolvimento Máquina ","2","10","10","","","kg",
"2026-04-27 18:10:10","Seg","Desenvolvimento Máquina ","3","10","10","","","kg",
"2026-04-27 18:10:10","Seg","Elevação lateral com halteres","1","9","13","","","kg",
"2026-04-27 18:10:10","Seg","Elevação lateral com halteres","2","9","11","","","kg",
"2026-04-27 18:10:10","Seg","Elevação lateral com halteres","3","9","11","","","kg",
"2026-04-27 18:10:10","Seg","Elevação lateral com halteres","4","9","11","","","kg",
"2026-04-27 18:10:10","Seg","Tríceps pulley na polia alta","1","8","10","","","kg",
"2026-04-27 18:10:10","Seg","Tríceps pulley na polia alta","2","8","10","","","kg",
"2026-04-27 18:10:10","Seg","Tríceps pulley na polia alta","3","8","9","","","kg",
"2026-04-27 18:10:10","Seg","Tríceps pulley na polia alta","4","8","8","","","kg",
"2026-04-29 16:41:55","Ter","Remada alta com barra","1","40","10","","","kg",
"2026-04-29 16:41:55","Ter","Remada alta com barra","2","40","10","","","kg",
"2026-04-29 16:41:55","Ter","Remada alta com barra","3","40","10","","","kg",
"2026-04-29 16:41:55","Ter","Remada na polia sentado","1","11","12","","","kg",
"2026-04-29 16:41:55","Ter","Remada na polia sentado","2","11","11","","","kg",
"2026-04-29 16:41:55","Ter","Remada na polia sentado","3","11","11","","","kg",
"2026-04-29 16:41:55","Ter","Remada unilateral com halter","1","20","10","","","kg",
"2026-04-29 16:41:55","Ter","Remada unilateral com halter","2","18","10","","","kg",
"2026-04-29 16:41:55","Ter","Remada unilateral com halter","3","18","10","","","kg",
"2026-04-29 16:41:55","Ter","Remada unilateral com halter","4","18","10","","","kg",
"2026-04-29 16:41:55","Ter","Voador inverso","1","7","10","","","kg",
"2026-04-29 16:41:55","Ter","Voador inverso","2","7","11","","","kg",
"2026-04-29 16:41:55","Ter","Voador inverso","3","7","11","","","kg",
"2026-04-29 16:41:55","Ter","Voador inverso","4","7","11","","","kg",
"2026-04-29 16:41:55","Ter","Rosca direta na polia","1","7","12","","","kg",
"2026-04-29 16:41:55","Ter","Rosca direta na polia","2","7","10","","","kg",
"2026-04-29 16:41:55","Ter","Rosca direta na polia","3","7","9","","","kg",
"2026-04-29 16:41:55","Ter","Rosca direta na polia","4","7","9","","","kg",
"2026-04-30 16:39:41","Qua","Agachamento hack na máquina","1","60","10","","","kg",
"2026-04-30 16:39:41","Qua","Agachamento hack na máquina","2","60","10","","","kg",
"2026-04-30 16:39:41","Qua","Agachamento hack na máquina","3","60","10","","","kg",
"2026-04-30 16:39:41","Qua","Leg press","1","180","12","","","kg",
"2026-04-30 16:39:41","Qua","Leg press","2","180","12","","","kg",
"2026-04-30 16:39:41","Qua","Leg press","3","180","12","","","kg",
"2026-04-30 16:39:41","Qua","Leg press","4","180","12","","","kg",
"2026-04-30 16:39:41","Qua","Leg press","5","180","12","","","kg",
"2026-04-30 16:39:41","Qua","Extensão de pernas","1","65","10","","","kg",
"2026-04-30 16:39:41","Qua","Extensão de pernas","2","45","9","","","kg",
"2026-04-30 16:39:41","Qua","Extensão de pernas","3","65","10","","","kg",
"2026-04-30 16:39:41","Qua","Extensão de pernas","4","45","9","","","kg",
"2026-04-30 16:39:41","Qua","Extensão de pernas","5","65","10","","","kg",
"2026-04-30 16:39:41","Qua","Extensão de pernas","6","45","8","","","kg",
"2026-04-30 16:39:41","Qua","Flexão de pernas deitado","1","35","10","","","kg",
"2026-04-30 16:39:41","Qua","Flexão de pernas deitado","2","35","10","","","kg",
"2026-04-30 16:39:41","Qua","Flexão de pernas deitado","3","35","10","","","kg",
"2026-04-30 16:39:41","Qua","Flexão de pernas deitado","4","35","9","","","kg",
"2026-04-30 16:39:41","Qua","Panturrilha no leg press","1","100","16","","","kg",
"2026-04-30 16:39:41","Qua","Panturrilha no leg press","2","100","15","","","kg",
"2026-04-30 16:39:41","Qua","Panturrilha no leg press","3","100","14","","","kg",
"2026-04-30 16:39:41","Qua","Panturrilha no leg press","4","100","13","","","kg",
"2026-04-30 16:39:41","Qua","Panturrilha no leg press","5","100","14","","","kg",
"2026-05-05 16:23:43","Seg","Supino reto com barra","1","30","10","","","kg",
"2026-05-05 16:23:43","Seg","Supino reto com barra","2","30","10","","","kg",
"2026-05-05 16:23:43","Seg","Supino reto com barra","3","30","10","","","kg",
"2026-05-05 16:23:43","Seg","Supino inclinado com halteres","1","14","12","","","kg",
"2026-05-05 16:23:43","Seg","Supino inclinado com halteres","2","14","11","","","kg",
"2026-05-05 16:23:43","Seg","Supino inclinado com halteres","3","14","10","","","kg",
"2026-05-05 16:23:43","Seg","Desenvolvimento Máquina ","1","10","10","","","kg",
"2026-05-05 16:23:43","Seg","Desenvolvimento Máquina ","2","10","10","","","kg",
"2026-05-05 16:23:43","Seg","Desenvolvimento Máquina ","3","10","10","","","kg",
"2026-05-05 16:23:43","Seg","Elevação lateral com halteres","1","9","12","","","kg",
"2026-05-05 16:23:43","Seg","Elevação lateral com halteres","2","9","11","","","kg",
"2026-05-05 16:23:43","Seg","Elevação lateral com halteres","3","9","11","","","kg",
"2026-05-05 16:23:43","Seg","Elevação lateral com halteres","4","9","11","","","kg",
"2026-05-05 16:23:43","Seg","Tríceps pulley na polia alta","1","8","11","","","kg",
"2026-05-05 16:23:43","Seg","Tríceps pulley na polia alta","2","8","10","","","kg",
"2026-05-05 16:23:43","Seg","Tríceps pulley na polia alta","3","8","9","","","kg",
"2026-05-05 16:23:43","Seg","Tríceps pulley na polia alta","4","8","8","","","kg",
"2026-05-06 17:35:17","Ter","Remada alta com barra","1","40","10","","","kg",
"2026-05-06 17:35:17","Ter","Remada alta com barra","2","35","10","","","kg",
"2026-05-06 17:35:17","Ter","Remada alta com barra","3","35","10","","","kg",
"2026-05-06 17:35:17","Ter","Remada na polia sentado","1","11","12","","","kg",
"2026-05-06 17:35:17","Ter","Remada na polia sentado","2","11","11","","","kg",
"2026-05-06 17:35:17","Ter","Remada na polia sentado","3","11","11","","","kg",
"2026-05-06 17:35:17","Ter","Remada unilateral com halter","1","18","10","","","kg",
"2026-05-06 17:35:17","Ter","Remada unilateral com halter","2","18","10","","","kg",
"2026-05-06 17:35:17","Ter","Remada unilateral com halter","3","18","9","","","kg",
"2026-05-06 17:35:17","Ter","Remada unilateral com halter","4","18","9","","","kg",
"2026-05-06 17:35:17","Ter","Voador inverso","1","7","10","","","kg",
"2026-05-06 17:35:17","Ter","Voador inverso","2","7","10","","","kg",
"2026-05-06 17:35:17","Ter","Voador inverso","3","7","10","","","kg",
"2026-05-06 17:35:17","Ter","Voador inverso","4","7","10","","","kg",
"2026-05-06 17:35:17","Ter","Rosca direta na polia","1","7","11","","","kg",
"2026-05-06 17:35:17","Ter","Rosca direta na polia","2","7","10","","","kg",
"2026-05-06 17:35:17","Ter","Rosca direta na polia","3","7","9","","","kg",
"2026-05-06 17:35:17","Ter","Rosca direta na polia","4","7","9","","","kg",
"2026-05-07 16:52:08","Qua","Agachamento hack na máquina","1","60","10","","","kg",
"2026-05-07 16:52:08","Qua","Agachamento hack na máquina","2","60","10","","","kg",
"2026-05-07 16:52:08","Qua","Agachamento hack na máquina","3","60","10","","","kg",
"2026-05-07 16:52:08","Qua","Leg press","1","180","11","","","kg",
"2026-05-07 16:52:08","Qua","Leg press","2","180","11","","","kg",
"2026-05-07 16:52:08","Qua","Leg press","3","180","11","","","kg",
"2026-05-07 16:52:08","Qua","Leg press","4","180","11","","","kg",
"2026-05-07 16:52:08","Qua","Leg press","5","180","11","","","kg",
"2026-05-07 16:52:08","Qua","Extensão de pernas","1","65","10","","","kg",
"2026-05-07 16:52:08","Qua","Extensão de pernas","2","45","9","","","kg",
"2026-05-07 16:52:08","Qua","Extensão de pernas","3","65","10","","","kg",
"2026-05-07 16:52:08","Qua","Extensão de pernas","4","45","9","","","kg",
"2026-05-07 16:52:08","Qua","Extensão de pernas","5","65","10","","","kg",
"2026-05-07 16:52:08","Qua","Extensão de pernas","6","45","8","","","kg",
"2026-05-07 16:52:08","Qua","Flexão de pernas deitado","1","35","10","","","kg",
"2026-05-07 16:52:08","Qua","Flexão de pernas deitado","2","35","10","","","kg",
"2026-05-07 16:52:08","Qua","Flexão de pernas deitado","3","35","9","","","kg",
"2026-05-07 16:52:08","Qua","Flexão de pernas deitado","4","35","9","","","kg",
"2026-05-07 16:52:08","Qua","Panturrilha no leg press","1","100","16","","","kg",
"2026-05-07 16:52:08","Qua","Panturrilha no leg press","2","100","15","","","kg",
"2026-05-07 16:52:08","Qua","Panturrilha no leg press","3","100","14","","","kg",
"2026-05-07 16:52:08","Qua","Panturrilha no leg press","4","100","13","","","kg",
"2026-05-07 16:52:08","Qua","Panturrilha no leg press","5","100","14","","","kg",
"2026-05-11 17:05:15","Seg","Supino reto com barra","1","25","11","","","kg",
"2026-05-11 17:05:15","Seg","Supino reto com barra","2","30","10","","","kg",
"2026-05-11 17:05:15","Seg","Supino reto com barra","3","30","11","","","kg",
"2026-05-11 17:05:15","Seg","Supino inclinado com halteres","1","14","10","","","kg",
"2026-05-11 17:05:15","Seg","Supino inclinado com halteres","2","14","10","","","kg",
"2026-05-11 17:05:15","Seg","Supino inclinado com halteres","3","14","10","","","kg",
"2026-05-11 17:05:15","Seg","Desenvolvimento Máquina ","1","10","10","","","kg",
"2026-05-11 17:05:15","Seg","Desenvolvimento Máquina ","2","10","10","","","kg",
"2026-05-11 17:05:15","Seg","Desenvolvimento Máquina ","3","10","10","","","kg",
"2026-05-11 17:05:15","Seg","Elevação lateral com halteres","1","8","11","","","kg",
"2026-05-11 17:05:15","Seg","Elevação lateral com halteres","2","8","11","","","kg",
"2026-05-11 17:05:15","Seg","Elevação lateral com halteres","3","8","10","","","kg",
"2026-05-11 17:05:15","Seg","Elevação lateral com halteres","4","8","10","","","kg",
"2026-05-11 17:05:15","Seg","Tríceps pulley na polia alta","1","8","11","","","kg",
"2026-05-11 17:05:15","Seg","Tríceps pulley na polia alta","2","8","10","","","kg",
"2026-05-11 17:05:15","Seg","Tríceps pulley na polia alta","3","8","9","","","kg",
"2026-05-11 17:05:15","Seg","Tríceps pulley na polia alta","4","8","9","","","kg",
"2026-05-12 17:29:05","Ter","Remada alta com barra","1","35","11","","","kg",
"2026-05-12 17:29:05","Ter","Remada alta com barra","2","35","11","","","kg",
"2026-05-12 17:29:05","Ter","Remada alta com barra","3","35","10","","","kg",
"2026-05-12 17:29:05","Ter","Remada na polia sentado","1","11","10","","","kg",
"2026-05-12 17:29:05","Ter","Remada na polia sentado","2","11","10","","","kg",
"2026-05-12 17:29:05","Ter","Remada na polia sentado","3","11","10","","","kg",
"2026-05-12 17:29:05","Ter","Remada unilateral com halter","1","18","11","","","kg",
"2026-05-12 17:29:05","Ter","Remada unilateral com halter","2","18","11","","","kg",
"2026-05-12 17:29:05","Ter","Remada unilateral com halter","3","18","10","","","kg",
"2026-05-12 17:29:05","Ter","Remada unilateral com halter","4","18","10","","","kg",
"2026-05-12 17:29:05","Ter","Voador inverso","1","7","10","","","kg",
"2026-05-12 17:29:05","Ter","Voador inverso","2","7","10","","","kg",
"2026-05-12 17:29:05","Ter","Voador inverso","3","7","9","","","kg",
"2026-05-12 17:29:05","Ter","Voador inverso","4","7","9","","","kg",
"2026-05-12 17:29:05","Ter","Rosca direta na polia","1","7","10","","","kg",
"2026-05-12 17:29:05","Ter","Rosca direta na polia","2","7","9","","","kg",
"2026-05-12 17:29:05","Ter","Rosca direta na polia","3","7","8","","","kg",
"2026-05-12 17:29:05","Ter","Rosca direta na polia","4","7","7","","","kg",
"2026-05-13 17:09:06","Qua","Agachamento hack na máquina","1","60","10","","","kg",
"2026-05-13 17:09:06","Qua","Agachamento hack na máquina","2","60","10","","","kg",
"2026-05-13 17:09:06","Qua","Agachamento hack na máquina","3","60","10","","","kg",
"2026-05-13 17:09:06","Qua","Leg press","1","180","11","","","kg",
"2026-05-13 17:09:06","Qua","Leg press","2","180","11","","","kg",
"2026-05-13 17:09:06","Qua","Leg press","3","180","11","","","kg",
"2026-05-13 17:09:06","Qua","Leg press","4","180","11","","","kg",
"2026-05-13 17:09:06","Qua","Leg press","5","180","11","","","kg",
"2026-05-13 17:09:06","Qua","Extensão de pernas","1","65","10","","","kg",
"2026-05-13 17:09:06","Qua","Extensão de pernas","2","45","10","","","kg",
"2026-05-13 17:09:06","Qua","Extensão de pernas","3","65","10","","","kg",
"2026-05-13 17:09:06","Qua","Extensão de pernas","4","45","10","","","kg",
"2026-05-13 17:09:06","Qua","Extensão de pernas","5","65","10","","","kg",
"2026-05-13 17:09:06","Qua","Extensão de pernas","6","45","9","","","kg",
"2026-05-13 17:09:06","Qua","Flexão de pernas deitado","1","35","11","","","kg",
"2026-05-13 17:09:06","Qua","Flexão de pernas deitado","2","35","10","","","kg",
"2026-05-13 17:09:06","Qua","Flexão de pernas deitado","3","35","9","","","kg",
"2026-05-13 17:09:06","Qua","Flexão de pernas deitado","4","35","8","","","kg",
"2026-05-13 17:09:06","Qua","Panturrilha no leg press","1","100","16","","","kg",
"2026-05-13 17:09:06","Qua","Panturrilha no leg press","2","100","15","","","kg",
"2026-05-13 17:09:06","Qua","Panturrilha no leg press","3","100","14","","","kg",
"2026-05-13 17:09:06","Qua","Panturrilha no leg press","4","100","13","","","kg",
"2026-05-13 17:09:06","Qua","Panturrilha no leg press","5","100","13","","","kg",
"2026-05-14 17:26:01","Qui","Supino inclinado com halteres","1","18","12","","","kg",
"2026-05-14 17:26:01","Qui","Supino inclinado com halteres","2","18","12","","","kg",
"2026-05-14 17:26:01","Qui","Supino inclinado com halteres","3","18","12","","","kg",
"2026-05-14 17:26:01","Qui","Remada curvada com barra","1","40","11","","","kg",
"2026-05-14 17:26:01","Qui","Remada curvada com barra","2","40","10","","","kg",
"2026-05-14 17:26:01","Qui","Remada curvada com barra","3","40","10","","","kg",
"2026-05-14 17:26:01","Qui","Elevação frontal com halteres","1","8","12","","","kg",
"2026-05-14 17:26:01","Qui","Elevação frontal com halteres","2","8","11","","","kg",
"2026-05-14 17:26:01","Qui","Elevação frontal com halteres","3","8","11","","","kg",
"2026-05-14 17:26:01","Qui","Elevação unilateral na polia","1","2","10","","","kg",
"2026-05-14 17:26:01","Qui","Elevação unilateral na polia","2","2","10","","","kg",
"2026-05-14 17:26:01","Qui","Elevação unilateral na polia","3","2","9","","","kg",
"2026-05-14 17:26:01","Qui","Voador inverso","1","7","10","","","kg",
"2026-05-14 17:26:01","Qui","Voador inverso","2","7","10","","","kg",
"2026-05-14 17:26:01","Qui","Voador inverso","3","7","10","","","kg",
"2026-05-18 17:55:48","Seg","Supino reto com barra","1","30","12","","","kg",
"2026-05-18 17:55:48","Seg","Supino reto com barra","2","30","12","","","kg",
"2026-05-18 17:55:48","Seg","Supino reto com barra","3","30","11","","","kg",
"2026-05-18 17:55:48","Seg","Supino inclinado com halteres","1","14","10","","","kg",
"2026-05-18 17:55:48","Seg","Supino inclinado com halteres","2","14","10","","","kg",
"2026-05-18 17:55:48","Seg","Supino inclinado com halteres","3","14","10","","","kg",
"2026-05-18 17:55:48","Seg","Desenvolvimento Máquina ","1","10","10","","","kg",
"2026-05-18 17:55:48","Seg","Desenvolvimento Máquina ","2","10","10","","","kg",
"2026-05-18 17:55:48","Seg","Desenvolvimento Máquina ","3","10","10","","","kg",
"2026-05-18 17:55:48","Seg","Elevação lateral com halteres","1","8","12","","","kg",
"2026-05-18 17:55:48","Seg","Elevação lateral com halteres","2","8","12","","","kg",
"2026-05-18 17:55:48","Seg","Elevação lateral com halteres","3","8","12","","","kg",
"2026-05-18 17:55:48","Seg","Elevação lateral com halteres","4","8","11","","","kg",
"2026-05-18 17:55:48","Seg","Tríceps pulley na polia alta","1","8","12","","","kg",
"2026-05-18 17:55:48","Seg","Tríceps pulley na polia alta","2","8","11","","","kg",
"2026-05-18 17:55:48","Seg","Tríceps pulley na polia alta","3","8","10","","","kg",
"2026-05-18 17:55:48","Seg","Tríceps pulley na polia alta","4","8","8","","","kg",
"2026-05-20 16:40:03","Ter","Remada alta com barra","1","35","12","","","kg",
"2026-05-20 16:40:03","Ter","Remada alta com barra","2","35","12","","","kg",
"2026-05-20 16:40:03","Ter","Remada alta com barra","3","35","11","","","kg",
"2026-05-20 16:40:03","Ter","Remada na polia sentado","1","11","11","","","kg",
"2026-05-20 16:40:03","Ter","Remada na polia sentado","2","11","11","","","kg",
"2026-05-20 16:40:03","Ter","Remada na polia sentado","3","11","11","","","kg",
"2026-05-20 16:40:03","Ter","Remada unilateral com halter","1","18","10","","","kg",
"2026-05-20 16:40:03","Ter","Remada unilateral com halter","2","18","10","","","kg",
"2026-05-20 16:40:03","Ter","Remada unilateral com halter","3","18","10","","","kg",
"2026-05-20 16:40:03","Ter","Remada unilateral com halter","4","18","9","","","kg",
"2026-05-20 16:40:03","Ter","Voador inverso","1","7","10","","","kg",
"2026-05-20 16:40:03","Ter","Voador inverso","2","7","10","","","kg",
"2026-05-20 16:40:03","Ter","Voador inverso","3","7","9","","","kg",
"2026-05-20 16:40:03","Ter","Voador inverso","4","7","9","","","kg",
"2026-05-20 16:40:03","Ter","Rosca direta na polia","1","7","11","","","kg",
"2026-05-20 16:40:03","Ter","Rosca direta na polia","2","7","9","","","kg",
"2026-05-20 16:40:03","Ter","Rosca direta na polia","3","7","7","","","kg",
"2026-05-20 16:40:03","Ter","Rosca direta na polia","4","7","7","","","kg",
"2026-05-21 17:25:37","Qua","Agachamento hack na máquina","1","60","9","","","kg",
"2026-05-21 17:25:37","Qua","Agachamento hack na máquina","2","60","8","","","kg",
"2026-05-21 17:25:37","Qua","Agachamento hack na máquina","3","60","7","","","kg",
"2026-05-21 17:25:37","Qua","Leg press","1","180","11","","","kg",
"2026-05-21 17:25:37","Qua","Leg press","2","180","12","","","kg",
"2026-05-21 17:25:37","Qua","Leg press","3","180","11","","","kg",
"2026-05-21 17:25:37","Qua","Leg press","4","180","10","","","kg",
"2026-05-21 17:25:37","Qua","Leg press","5","180","11","","","kg",
"2026-05-21 17:25:37","Qua","Extensão de pernas","1","65","10","","","kg",
"2026-05-21 17:25:37","Qua","Extensão de pernas","2","45","9","","","kg",
"2026-05-21 17:25:37","Qua","Extensão de pernas","3","65","10","","","kg",
"2026-05-21 17:25:37","Qua","Extensão de pernas","4","45","8","","","kg",
"2026-05-21 17:25:37","Qua","Extensão de pernas","5","65","9","","","kg",
"2026-05-21 17:25:37","Qua","Extensão de pernas","6","45","7","","","kg",
"2026-05-21 17:25:37","Qua","Flexão de pernas deitado","1","35","11","","","kg",
"2026-05-21 17:25:37","Qua","Flexão de pernas deitado","2","35","10","","","kg",
"2026-05-21 17:25:37","Qua","Flexão de pernas deitado","3","35","10","","","kg",
"2026-05-21 17:25:37","Qua","Flexão de pernas deitado","4","35","9","","","kg",
"2026-05-21 17:25:37","Qua","Panturrilha no leg press","1","100","16","","","kg",
"2026-05-21 17:25:37","Qua","Panturrilha no leg press","2","100","15","","","kg",
"2026-05-21 17:25:37","Qua","Panturrilha no leg press","3","100","14","","","kg",
"2026-05-21 17:25:37","Qua","Panturrilha no leg press","4","100","13","","","kg",
"2026-05-21 17:25:37","Qua","Panturrilha no leg press","5","100","12","","","kg",
"2026-05-25 16:32:39","Seg","Supino reto com barra","1","30","10","","","kg",
"2026-05-25 16:32:39","Seg","Supino reto com barra","2","30","10","","","kg",
"2026-05-25 16:32:39","Seg","Supino reto com barra","3","30","10","","","kg",
"2026-05-25 16:32:39","Seg","Supino inclinado com halteres","1","14","9","","","kg",
"2026-05-25 16:32:39","Seg","Supino inclinado com halteres","2","14","9","","","kg",
"2026-05-25 16:32:39","Seg","Supino inclinado com halteres","3","14","9","","","kg",
"2026-05-25 16:32:39","Seg","Desenvolvimento Máquina ","1","10","10","","","kg",
"2026-05-25 16:32:39","Seg","Desenvolvimento Máquina ","2","10","10","","","kg",
"2026-05-25 16:32:39","Seg","Desenvolvimento Máquina ","3","10","10","","","kg",
"2026-05-25 16:32:39","Seg","Elevação lateral com halteres","1","8","12","","","kg",
"2026-05-25 16:32:39","Seg","Elevação lateral com halteres","2","8","11","","","kg",
"2026-05-25 16:32:39","Seg","Elevação lateral com halteres","3","8","11","","","kg",
"2026-05-25 16:32:39","Seg","Elevação lateral com halteres","4","8","11","","","kg",
"2026-05-25 16:32:39","Seg","Tríceps pulley na polia alta","1","8","11","","","kg",
"2026-05-25 16:32:39","Seg","Tríceps pulley na polia alta","2","8","11","","","kg",
"2026-05-25 16:32:39","Seg","Tríceps pulley na polia alta","3","8","9","","","kg",
"2026-05-25 16:32:39","Seg","Tríceps pulley na polia alta","4","8","8","","","kg",
"2026-05-28 16:28:30","Ter","Remada alta com barra","1","35","12","","","kg",
"2026-05-28 16:28:30","Ter","Remada alta com barra","2","35","11","","","kg",
"2026-05-28 16:28:30","Ter","Remada alta com barra","3","35","10","","","kg",
"2026-05-28 16:28:30","Ter","Remada na polia sentado","1","11","12","","","kg",
"2026-05-28 16:28:30","Ter","Remada na polia sentado","2","11","11","","","kg",
"2026-05-28 16:28:30","Ter","Remada na polia sentado","3","11","11","","","kg",
"2026-05-28 16:28:30","Ter","Remada unilateral com halter","1","18","10","","","kg",
"2026-05-28 16:28:30","Ter","Remada unilateral com halter","2","18","10","","","kg",
"2026-05-28 16:28:30","Ter","Remada unilateral com halter","3","18","10","","","kg",
"2026-05-28 16:28:30","Ter","Remada unilateral com halter","4","18","9","","","kg",
"2026-05-28 16:28:30","Ter","Voador inverso","1","7","10","","","kg",
"2026-05-28 16:28:30","Ter","Voador inverso","2","7","9","","","kg",
"2026-05-28 16:28:30","Ter","Voador inverso","3","7","9","","","kg",
"2026-05-28 16:28:30","Ter","Voador inverso","4","7","9","","","kg",
"2026-05-28 16:28:30","Ter","Rosca direta na polia","1","7","10","","","kg",
"2026-05-28 16:28:30","Ter","Rosca direta na polia","2","7","10","","","kg",
"2026-05-28 16:28:30","Ter","Rosca direta na polia","3","7","8","","","kg",
"2026-05-28 16:28:30","Ter","Rosca direta na polia","4","7","7","","","kg",
"2026-06-01 15:22:39","Seg","Supino reto com barra","1","30","11","","","kg",
"2026-06-01 15:22:39","Seg","Supino reto com barra","2","30","11","","","kg",
"2026-06-01 15:22:39","Seg","Supino reto com barra","3","30","11","","","kg",
"2026-06-01 15:22:39","Seg","Supino inclinado com halteres","1","14","9","","","kg",
"2026-06-01 15:22:39","Seg","Supino inclinado com halteres","2","14","9","","","kg",
"2026-06-01 15:22:39","Seg","Supino inclinado com halteres","3","14","8","","","kg",
"2026-06-01 15:22:39","Seg","Desenvolvimento Máquina ","1","10","10","","","kg",
"2026-06-01 15:22:39","Seg","Desenvolvimento Máquina ","2","10","10","","","kg",
"2026-06-01 15:22:39","Seg","Desenvolvimento Máquina ","3","10","9","","","kg",
"2026-06-01 15:22:39","Seg","Elevação lateral com halteres","1","8","12","","","kg",
"2026-06-01 15:22:39","Seg","Elevação lateral com halteres","2","8","12","","","kg",
"2026-06-01 15:22:39","Seg","Elevação lateral com halteres","3","8","11","","","kg",
"2026-06-01 15:22:39","Seg","Elevação lateral com halteres","4","8","11","","","kg",
"2026-06-01 15:22:39","Seg","Tríceps pulley na polia alta","1","8","10","","","kg",
"2026-06-01 15:22:39","Seg","Tríceps pulley na polia alta","2","8","9","","","kg",
"2026-06-01 15:22:39","Seg","Tríceps pulley na polia alta","3","8","9","","","kg",
"2026-06-01 15:22:39","Seg","Tríceps pulley na polia alta","4","8","8","","","kg",
"2026-06-02 15:30:01","Ter","Remada alta com barra","1","35","12","","","kg",
"2026-06-02 15:30:01","Ter","Remada alta com barra","2","35","12","","","kg",
"2026-06-02 15:30:01","Ter","Remada alta com barra","3","35","12","","","kg",
"2026-06-02 15:30:01","Ter","Remada na polia sentado","1","11","12","","","kg",
"2026-06-02 15:30:01","Ter","Remada na polia sentado","2","11","11","","","kg",
"2026-06-02 15:30:01","Ter","Remada na polia sentado","3","11","11","","","kg",
"2026-06-02 15:30:01","Ter","Remada unilateral com halter","1","16","12","","","kg",
"2026-06-02 15:30:01","Ter","Remada unilateral com halter","2","16","11","","","kg",
"2026-06-02 15:30:01","Ter","Remada unilateral com halter","3","16","11","","","kg",
"2026-06-02 15:30:01","Ter","Remada unilateral com halter","4","16","11","","","kg",
"2026-06-02 15:30:01","Ter","Crucifixo invertido no cabo em pé","1","1","12","","","kg",
"2026-06-02 15:30:01","Ter","Crucifixo invertido no cabo em pé","2","1","12","","","kg",
"2026-06-02 15:30:01","Ter","Crucifixo invertido no cabo em pé","3","1","12","","","kg",
"2026-06-02 15:30:01","Ter","Crucifixo invertido no cabo em pé","4","1","12","","","kg",
"2026-06-02 15:30:01","Ter","Rosca direta na polia","1","7","12","","","kg",
"2026-06-02 15:30:01","Ter","Rosca direta na polia","2","7","11","","","kg",
"2026-06-02 15:30:01","Ter","Rosca direta na polia","3","7","10","","","kg",
"2026-06-02 15:30:01","Ter","Rosca direta na polia","4","7","9","","","kg",
"2026-06-05 15:13:45","Qua","Agachamento hack na máquina","1","60","11","","","kg",
"2026-06-05 15:13:45","Qua","Agachamento hack na máquina","2","60","11","","","kg",
"2026-06-05 15:13:45","Qua","Agachamento hack na máquina","3","60","10","","","kg",
"2026-06-05 15:13:45","Qua","Leg press","1","190","11","","","kg",
"2026-06-05 15:13:45","Qua","Leg press","2","190","11","","","kg",
"2026-06-05 15:13:45","Qua","Leg press","3","190","11","","","kg",
"2026-06-05 15:13:45","Qua","Leg press","4","190","11","","","kg",
"2026-06-05 15:13:45","Qua","Leg press","5","190","11","","","kg",
"2026-06-05 15:13:45","Qua","Extensão de pernas","1","65","10","","","kg",
"2026-06-05 15:13:45","Qua","Extensão de pernas","2","45","10","","","kg",
"2026-06-05 15:13:45","Qua","Extensão de pernas","3","65","10","","","kg",
"2026-06-05 15:13:45","Qua","Extensão de pernas","4","45","8","","","kg",
"2026-06-05 15:13:45","Qua","Extensão de pernas","5","65","9","","","kg",
"2026-06-05 15:13:45","Qua","Extensão de pernas","6","45","8","","","kg",
"2026-06-05 15:13:45","Qua","Flexão de pernas deitado","1","35","12","","","kg",
"2026-06-05 15:13:45","Qua","Flexão de pernas deitado","2","35","11","","","kg",
"2026-06-05 15:13:45","Qua","Flexão de pernas deitado","3","35","10","","","kg",
"2026-06-05 15:13:45","Qua","Flexão de pernas deitado","4","35","9","","","kg",
"2026-06-05 15:13:45","Qua","Panturrilha no leg press","1","100","16","","","kg",
"2026-06-05 15:13:45","Qua","Panturrilha no leg press","2","100","15","","","kg",
"2026-06-05 15:13:45","Qua","Panturrilha no leg press","3","100","15","","","kg",
"2026-06-05 15:13:45","Qua","Panturrilha no leg press","4","100","14","","","kg",
"2026-06-05 15:13:45","Qua","Panturrilha no leg press","5","100","13","","","kg",
"2026-06-08 15:03:59","Seg","Supino reto com barra","1","30","11","","","kg",
"2026-06-08 15:03:59","Seg","Supino reto com barra","2","30","11","","","kg",
"2026-06-08 15:03:59","Seg","Supino reto com barra","3","30","10","","","kg",
"2026-06-08 15:03:59","Seg","Supino inclinado com halteres","1","14","11","","","kg",
"2026-06-08 15:03:59","Seg","Supino inclinado com halteres","2","14","10","","","kg",
"2026-06-08 15:03:59","Seg","Supino inclinado com halteres","3","14","10","","","kg",
"2026-06-08 15:03:59","Seg","Desenvolvimento Máquina ","1","10","11","","","kg",
"2026-06-08 15:03:59","Seg","Desenvolvimento Máquina ","2","10","10","","","kg",
"2026-06-08 15:03:59","Seg","Desenvolvimento Máquina ","3","10","9","","","kg",
"2026-06-08 15:03:59","Seg","Elevação lateral com halteres","1","8","12","","","kg",
"2026-06-08 15:03:59","Seg","Elevação lateral com halteres","2","8","11","","","kg",
"2026-06-08 15:03:59","Seg","Elevação lateral com halteres","3","8","11","","","kg",
"2026-06-08 15:03:59","Seg","Elevação lateral com halteres","4","8","10","","","kg",
"2026-06-08 15:03:59","Seg","Tríceps pulley na polia alta","1","8","11","","","kg",
"2026-06-08 15:03:59","Seg","Tríceps pulley na polia alta","2","8","10","","","kg",
"2026-06-08 15:03:59","Seg","Tríceps pulley na polia alta","3","8","10","","","kg",
"2026-06-08 15:03:59","Seg","Tríceps pulley na polia alta","4","8","9","","","kg",
"2026-06-09 15:12:10","Ter","Remada alta com barra","1","35","12","","","kg",
"2026-06-09 15:12:10","Ter","Remada alta com barra","2","35","12","","","kg",
"2026-06-09 15:12:10","Ter","Remada alta com barra","3","35","12","","","kg",
"2026-06-09 15:12:10","Ter","Remada na polia sentado","1","11","12","","","kg",
"2026-06-09 15:12:10","Ter","Remada na polia sentado","2","11","11","","","kg",
"2026-06-09 15:12:10","Ter","Remada na polia sentado","3","11","11","","","kg",
"2026-06-09 15:12:10","Ter","Remada unilateral com halter","1","16","12","","","kg",
"2026-06-09 15:12:10","Ter","Remada unilateral com halter","2","16","11","","","kg",
"2026-06-09 15:12:10","Ter","Remada unilateral com halter","3","16","11","","","kg",
"2026-06-09 15:12:10","Ter","Remada unilateral com halter","4","16","11","","","kg",
"2026-06-09 15:12:10","Ter","Crucifixo invertido no cabo em pé","1","1","12","","","kg",
"2026-06-09 15:12:10","Ter","Crucifixo invertido no cabo em pé","2","1","12","","","kg",
"2026-06-09 15:12:10","Ter","Crucifixo invertido no cabo em pé","3","1","11","","","kg",
"2026-06-09 15:12:10","Ter","Crucifixo invertido no cabo em pé","4","1","11","","","kg",
"2026-06-09 15:12:10","Ter","Rosca direta na polia","1","7","11","","","kg",
"2026-06-09 15:12:10","Ter","Rosca direta na polia","2","7","11","","","kg",
"2026-06-09 15:12:10","Ter","Rosca direta na polia","3","7","10","","","kg",
"2026-06-09 15:12:10","Ter","Rosca direta na polia","4","7","9","","","kg",
"2026-06-11 15:46:17","Qua","Agachamento hack na máquina","1","60","11","","","kg",
"2026-06-11 15:46:17","Qua","Agachamento hack na máquina","2","60","11","","","kg",
"2026-06-11 15:46:17","Qua","Agachamento hack na máquina","3","60","11","","","kg",
"2026-06-11 15:46:17","Qua","Leg press","1","180","10","","","kg",
"2026-06-11 15:46:17","Qua","Leg press","2","180","10","","","kg",
"2026-06-11 15:46:17","Qua","Leg press","3","180","10","","","kg",
"2026-06-11 15:46:17","Qua","Leg press","4","180","10","","","kg",
"2026-06-11 15:46:17","Qua","Leg press","5","180","10","","","kg",
"2026-06-11 15:46:17","Qua","Extensão de pernas","1","65","10","","","kg",
"2026-06-11 15:46:17","Qua","Extensão de pernas","2","45","10","","","kg",
"2026-06-11 15:46:17","Qua","Extensão de pernas","3","65","10","","","kg",
"2026-06-11 15:46:17","Qua","Extensão de pernas","4","45","9","","","kg",
"2026-06-11 15:46:17","Qua","Extensão de pernas","5","65","10","","","kg",
"2026-06-11 15:46:17","Qua","Extensão de pernas","6","45","8","","","kg",
"2026-06-11 15:46:17","Qua","Flexão de pernas deitado","1","35","11","","","kg",
"2026-06-11 15:46:17","Qua","Flexão de pernas deitado","2","35","11","","","kg",
"2026-06-11 15:46:17","Qua","Flexão de pernas deitado","3","35","10","","","kg",
"2026-06-11 15:46:17","Qua","Flexão de pernas deitado","4","35","9","","","kg",
"2026-06-11 15:46:17","Qua","Panturrilha no leg press","1","100","16","","","kg",
"2026-06-11 15:46:17","Qua","Panturrilha no leg press","2","100","15","","","kg",
"2026-06-11 15:46:17","Qua","Panturrilha no leg press","3","100","15","","","kg",
"2026-06-11 15:46:17","Qua","Panturrilha no leg press","4","100","14","","","kg",
"2026-06-11 15:46:17","Qua","Panturrilha no leg press","5","100","13","","","kg",
"2026-06-12 15:42:50","Qui","Supino inclinado com halteres","1","18","12","","","kg",
"2026-06-12 15:42:50","Qui","Supino inclinado com halteres","2","18","12","","","kg",
"2026-06-12 15:42:50","Qui","Supino inclinado com halteres","3","18","12","","","kg",
"2026-06-12 15:42:50","Qui","Remada curvada com barra","1","40","12","","","kg",
"2026-06-12 15:42:50","Qui","Remada curvada com barra","2","40","10","","","kg",
"2026-06-12 15:42:50","Qui","Remada curvada com barra","3","40","9","","","kg",
"2026-06-12 15:42:50","Qui","Elevação frontal com halteres","1","8","12","","","kg",
"2026-06-12 15:42:50","Qui","Elevação frontal com halteres","2","8","12","","","kg",
"2026-06-12 15:42:50","Qui","Elevação frontal com halteres","3","8","11","","","kg",
"2026-06-12 15:42:50","Qui","Elevação unilateral na polia","1","2","10","","","kg",
"2026-06-12 15:42:50","Qui","Elevação unilateral na polia","2","2","10","","","kg",
"2026-06-12 15:42:50","Qui","Elevação unilateral na polia","3","2","9","","","kg",
"2026-06-12 15:42:50","Qui","Voador inverso","1","7","10","","","kg",
"2026-06-12 15:42:50","Qui","Voador inverso","2","7","10","","","kg",
"2026-06-12 15:42:50","Qui","Voador inverso","3","7","10","","","kg",
"2026-06-15 16:03:37","Seg","Supino reto com barra","1","30","11","","","kg",
"2026-06-15 16:03:37","Seg","Supino reto com barra","2","30","11","","","kg",
"2026-06-15 16:03:37","Seg","Supino reto com barra","3","30","10","","","kg",
"2026-06-15 16:03:37","Seg","Supino inclinado com halteres","1","16","10","","","kg",
"2026-06-15 16:03:37","Seg","Supino inclinado com halteres","2","16","10","","","kg",
"2026-06-15 16:03:37","Seg","Supino inclinado com halteres","3","16","8","","","kg",
"2026-06-15 16:03:37","Seg","Desenvolvimento Máquina ","1","10","10","","","kg",
"2026-06-15 16:03:37","Seg","Desenvolvimento Máquina ","2","10","10","","","kg",
"2026-06-15 16:03:37","Seg","Desenvolvimento Máquina ","3","10","10","","","kg",
"2026-06-15 16:03:37","Seg","Elevação lateral com halteres","1","8","12","","","kg",
"2026-06-15 16:03:37","Seg","Elevação lateral com halteres","2","8","11","","","kg",
"2026-06-15 16:03:37","Seg","Elevação lateral com halteres","3","8","11","","","kg",
"2026-06-15 16:03:37","Seg","Elevação lateral com halteres","4","8","10","","","kg",
"2026-06-15 16:03:37","Seg","Tríceps pulley na polia alta","1","8","12","","","kg",
"2026-06-15 16:03:37","Seg","Tríceps pulley na polia alta","2","8","12","","","kg",
"2026-06-15 16:03:37","Seg","Tríceps pulley na polia alta","3","8","10","","","kg",
"2026-06-15 16:03:37","Seg","Tríceps pulley na polia alta","4","8","9","","","kg",
